Time,Eval,TimeUsed,Moves,Board
0,0.38,"(0.0, 0)",['e2e4'],rnbqkbnr/pppppppp/8/8/4P3/8/PPPP1PPP/RNBQKBNR b KQkq - 0 1
1,0.5,"(0.0, 0.1)",['e7e5'],rnbqkbnr/pppp1ppp/8/4p3/4P3/8/PPPP1PPP/RNBQKBNR w KQkq - 0 2
2,0.5,"(0.0, 0.1)",[],rnbqkbnr/pppp1ppp/8/4p3/4P3/8/PPPP1PPP/RNBQKBNR w KQkq - 0 2
3,0.37,"(2.7, 0.1)",['g1f3'],rnbqkbnr/pppp1ppp/8/4p3/4P3/5N2/PPPP1PPP/RNBQKB1R b KQkq - 1 2
4,0.37,"(2.7, 0.1)",[],rnbqkbnr/pppp1ppp/8/4p3/4P3/5N2/PPPP1PPP/RNBQKB1R b KQkq - 1 2
5,0.37,"(2.7, 0.1)",[],rnbqkbnr/pppp1ppp/8/4p3/4P3/5N2/PPPP1PPP/RNBQKB1R b KQkq - 1 2
6,0.37,"(2.7, 0.1)",[],rnbqkbnr/pppp1ppp/8/4p3/4P3/5N2/PPPP1PPP/RNBQKB1R b KQkq - 1 2
7,0.62,"(2.7, 3.7)",['b8c6'],r1bqkbnr/pppp1ppp/2n5/4p3/4P3/5N2/PPPP1PPP/RNBQKB1R w KQkq - 2 3
8,0.62,"(2.7, 3.7)",[],r1bqkbnr/pppp1ppp/2n5/4p3/4P3/5N2/PPPP1PPP/RNBQKB1R w KQkq - 2 3
9,0.62,"(2.7, 3.7)",[],r1bqkbnr/pppp1ppp/2n5/4p3/4P3/5N2/PPPP1PPP/RNBQKB1R w KQkq - 2 3
10,0.62,"(2.7, 3.7)",[],r1bqkbnr/pppp1ppp/2n5/4p3/4P3/5N2/PPPP1PPP/RNBQKB1R w KQkq - 2 3
11,0.62,"(2.7, 3.7)",[],r1bqkbnr/pppp1ppp/2n5/4p3/4P3/5N2/PPPP1PPP/RNBQKB1R w KQkq - 2 3
12,0.62,"(2.7, 3.7)",[],r1bqkbnr/pppp1ppp/2n5/4p3/4P3/5N2/PPPP1PPP/RNBQKB1R w KQkq - 2 3
13,0.62,"(2.7, 3.7)",[],r1bqkbnr/pppp1ppp/2n5/4p3/4P3/5N2/PPPP1PPP/RNBQKB1R w KQkq - 2 3
14,0.62,"(2.7, 3.7)",[],r1bqkbnr/pppp1ppp/2n5/4p3/4P3/5N2/PPPP1PPP/RNBQKB1R w KQkq - 2 3
15,0.62,"(2.7, 3.7)",[],r1bqkbnr/pppp1ppp/2n5/4p3/4P3/5N2/PPPP1PPP/RNBQKB1R w KQkq - 2 3
16,0.62,"(2.7, 3.7)",[],r1bqkbnr/pppp1ppp/2n5/4p3/4P3/5N2/PPPP1PPP/RNBQKB1R w KQkq - 2 3
17,0.2,"(12.9, 3.7)",['f1c4'],r1bqkbnr/pppp1ppp/2n5/4p3/2B1P3/5N2/PPPP1PPP/RNBQK2R b KQkq - 3 3
18,0.2,"(12.9, 3.7)",[],r1bqkbnr/pppp1ppp/2n5/4p3/2B1P3/5N2/PPPP1PPP/RNBQK2R b KQkq - 3 3
19,0.2,"(12.9, 3.7)",[],r1bqkbnr/pppp1ppp/2n5/4p3/2B1P3/5N2/PPPP1PPP/RNBQK2R b KQkq - 3 3
20,0.2,"(12.9, 3.7)",[],r1bqkbnr/pppp1ppp/2n5/4p3/2B1P3/5N2/PPPP1PPP/RNBQK2R b KQkq - 3 3
21,0.2,"(12.9, 3.7)",[],r1bqkbnr/pppp1ppp/2n5/4p3/2B1P3/5N2/PPPP1PPP/RNBQK2R b KQkq - 3 3
22,0.2,"(12.9, 3.7)",[],r1bqkbnr/pppp1ppp/2n5/4p3/2B1P3/5N2/PPPP1PPP/RNBQK2R b KQkq - 3 3
23,0.2,"(12.9, 3.7)",[],r1bqkbnr/pppp1ppp/2n5/4p3/2B1P3/5N2/PPPP1PPP/RNBQK2R b KQkq - 3 3
24,0.2,"(12.9, 3.7)",[],r1bqkbnr/pppp1ppp/2n5/4p3/2B1P3/5N2/PPPP1PPP/RNBQK2R b KQkq - 3 3
25,0.27,"(12.9, 11.4)",['g8f6'],r1bqkb1r/pppp1ppp/2n2n2/4p3/2B1P3/5N2/PPPP1PPP/RNBQK2R w KQkq - 4 4
26,0.27,"(12.9, 11.4)",[],r1bqkb1r/pppp1ppp/2n2n2/4p3/2B1P3/5N2/PPPP1PPP/RNBQK2R w KQkq - 4 4
27,0.05,"(15.5, 11.4)",['d2d3'],r1bqkb1r/pppp1ppp/2n2n2/4p3/2B1P3/3P1N2/PPP2PPP/RNBQK2R b KQkq - 0 4
28,0.05,"(15.5, 11.4)",[],r1bqkb1r/pppp1ppp/2n2n2/4p3/2B1P3/3P1N2/PPP2PPP/RNBQK2R b KQkq - 0 4
29,0.05,"(15.5, 11.4)",[],r1bqkb1r/pppp1ppp/2n2n2/4p3/2B1P3/3P1N2/PPP2PPP/RNBQK2R b KQkq - 0 4
30,0.05,"(15.5, 11.4)",[],r1bqkb1r/pppp1ppp/2n2n2/4p3/2B1P3/3P1N2/PPP2PPP/RNBQK2R b KQkq - 0 4
31,0.05,"(15.5, 11.4)",[],r1bqkb1r/pppp1ppp/2n2n2/4p3/2B1P3/3P1N2/PPP2PPP/RNBQK2R b KQkq - 0 4
32,0.05,"(15.5, 11.4)",[],r1bqkb1r/pppp1ppp/2n2n2/4p3/2B1P3/3P1N2/PPP2PPP/RNBQK2R b KQkq - 0 4
33,0.05,"(15.5, 11.4)",[],r1bqkb1r/pppp1ppp/2n2n2/4p3/2B1P3/3P1N2/PPP2PPP/RNBQK2R b KQkq - 0 4
34,0.05,"(15.5, 11.4)",[],r1bqkb1r/pppp1ppp/2n2n2/4p3/2B1P3/3P1N2/PPP2PPP/RNBQK2R b KQkq - 0 4
35,0.05,"(15.5, 11.4)",[],r1bqkb1r/pppp1ppp/2n2n2/4p3/2B1P3/3P1N2/PPP2PPP/RNBQK2R b KQkq - 0 4
36,0.93,"(15.5, 19.9)",['d7d5'],r1bqkb1r/ppp2ppp/2n2n2/3pp3/2B1P3/3P1N2/PPP2PPP/RNBQK2R w KQkq - 0 5
37,0.93,"(15.5, 19.9)",[],r1bqkb1r/ppp2ppp/2n2n2/3pp3/2B1P3/3P1N2/PPP2PPP/RNBQK2R w KQkq - 0 5
38,0.93,"(15.5, 19.9)",[],r1bqkb1r/ppp2ppp/2n2n2/3pp3/2B1P3/3P1N2/PPP2PPP/RNBQK2R w KQkq - 0 5
39,0.93,"(15.5, 19.9)",[],r1bqkb1r/ppp2ppp/2n2n2/3pp3/2B1P3/3P1N2/PPP2PPP/RNBQK2R w KQkq - 0 5
40,0.93,"(15.5, 19.9)",[],r1bqkb1r/ppp2ppp/2n2n2/3pp3/2B1P3/3P1N2/PPP2PPP/RNBQK2R w KQkq - 0 5
41,0.58,"(20.9, 19.9)",['e4d5'],r1bqkb1r/ppp2ppp/2n2n2/3Pp3/2B5/3P1N2/PPP2PPP/RNBQK2R b KQkq - 0 5
42,0.58,"(20.9, 19.9)",[],r1bqkb1r/ppp2ppp/2n2n2/3Pp3/2B5/3P1N2/PPP2PPP/RNBQK2R b KQkq - 0 5
43,0.58,"(20.9, 19.9)",[],r1bqkb1r/ppp2ppp/2n2n2/3Pp3/2B5/3P1N2/PPP2PPP/RNBQK2R b KQkq - 0 5
44,0.72,"(20.9, 23.0)",['f6d5'],r1bqkb1r/ppp2ppp/2n5/3np3/2B5/3P1N2/PPP2PPP/RNBQK2R w KQkq - 0 6
45,0.72,"(20.9, 23.0)",[],r1bqkb1r/ppp2ppp/2n5/3np3/2B5/3P1N2/PPP2PPP/RNBQK2R w KQkq - 0 6
46,-1.19,"(22.7, 23.0)",['c4d5'],r1bqkb1r/ppp2ppp/2n5/3Bp3/8/3P1N2/PPP2PPP/RNBQK2R b KQkq - 0 6
47,-1.19,"(22.7, 23.0)",[],r1bqkb1r/ppp2ppp/2n5/3Bp3/8/3P1N2/PPP2PPP/RNBQK2R b KQkq - 0 6
48,-1.19,"(22.7, 23.0)",[],r1bqkb1r/ppp2ppp/2n5/3Bp3/8/3P1N2/PPP2PPP/RNBQK2R b KQkq - 0 6
49,-1.05,"(22.7, 25.7)",['d8d5'],r1b1kb1r/ppp2ppp/2n5/3qp3/8/3P1N2/PPP2PPP/RNBQK2R w KQkq - 0 7
50,-1.05,"(22.7, 25.7)",[],r1b1kb1r/ppp2ppp/2n5/3qp3/8/3P1N2/PPP2PPP/RNBQK2R w KQkq - 0 7
51,-1.06,"(24.7, 25.7)",['e1g1'],r1b1kb1r/ppp2ppp/2n5/3qp3/8/3P1N2/PPP2PPP/RNBQ1RK1 b kq - 1 7
52,-1.06,"(24.7, 25.7)",[],r1b1kb1r/ppp2ppp/2n5/3qp3/8/3P1N2/PPP2PPP/RNBQ1RK1 b kq - 1 7
53,-1.06,"(24.7, 25.7)",[],r1b1kb1r/ppp2ppp/2n5/3qp3/8/3P1N2/PPP2PPP/RNBQ1RK1 b kq - 1 7
54,-1.06,"(24.7, 25.7)",[],r1b1kb1r/ppp2ppp/2n5/3qp3/8/3P1N2/PPP2PPP/RNBQ1RK1 b kq - 1 7
55,-1.06,"(24.7, 25.7)",[],r1b1kb1r/ppp2ppp/2n5/3qp3/8/3P1N2/PPP2PPP/RNBQ1RK1 b kq - 1 7
56,-1.06,"(24.7, 25.7)",[],r1b1kb1r/ppp2ppp/2n5/3qp3/8/3P1N2/PPP2PPP/RNBQ1RK1 b kq - 1 7
57,-1.06,"(24.7, 25.7)",[],r1b1kb1r/ppp2ppp/2n5/3qp3/8/3P1N2/PPP2PPP/RNBQ1RK1 b kq - 1 7
58,-1.06,"(24.7, 25.7)",[],r1b1kb1r/ppp2ppp/2n5/3qp3/8/3P1N2/PPP2PPP/RNBQ1RK1 b kq - 1 7
59,-1.06,"(24.7, 25.7)",[],r1b1kb1r/ppp2ppp/2n5/3qp3/8/3P1N2/PPP2PPP/RNBQ1RK1 b kq - 1 7
60,-1.06,"(24.7, 25.7)",[],r1b1kb1r/ppp2ppp/2n5/3qp3/8/3P1N2/PPP2PPP/RNBQ1RK1 b kq - 1 7
61,-1.06,"(24.7, 25.7)",[],r1b1kb1r/ppp2ppp/2n5/3qp3/8/3P1N2/PPP2PPP/RNBQ1RK1 b kq - 1 7
62,-1.06,"(24.7, 25.7)",[],r1b1kb1r/ppp2ppp/2n5/3qp3/8/3P1N2/PPP2PPP/RNBQ1RK1 b kq - 1 7
63,-1.06,"(24.7, 25.7)",[],r1b1kb1r/ppp2ppp/2n5/3qp3/8/3P1N2/PPP2PPP/RNBQ1RK1 b kq - 1 7
64,-1.06,"(24.7, 25.7)",[],r1b1kb1r/ppp2ppp/2n5/3qp3/8/3P1N2/PPP2PPP/RNBQ1RK1 b kq - 1 7
65,-1.06,"(24.7, 25.7)",[],r1b1kb1r/ppp2ppp/2n5/3qp3/8/3P1N2/PPP2PPP/RNBQ1RK1 b kq - 1 7
66,-1.06,"(24.7, 25.7)",[],r1b1kb1r/ppp2ppp/2n5/3qp3/8/3P1N2/PPP2PPP/RNBQ1RK1 b kq - 1 7
67,-1.06,"(24.7, 25.7)",[],r1b1kb1r/ppp2ppp/2n5/3qp3/8/3P1N2/PPP2PPP/RNBQ1RK1 b kq - 1 7
68,-1.06,"(24.7, 25.7)",[],r1b1kb1r/ppp2ppp/2n5/3qp3/8/3P1N2/PPP2PPP/RNBQ1RK1 b kq - 1 7
69,-1.06,"(24.7, 25.7)",[],r1b1kb1r/ppp2ppp/2n5/3qp3/8/3P1N2/PPP2PPP/RNBQ1RK1 b kq - 1 7
70,-1.06,"(24.7, 25.7)",[],r1b1kb1r/ppp2ppp/2n5/3qp3/8/3P1N2/PPP2PPP/RNBQ1RK1 b kq - 1 7
71,-1.06,"(24.7, 25.7)",[],r1b1kb1r/ppp2ppp/2n5/3qp3/8/3P1N2/PPP2PPP/RNBQ1RK1 b kq - 1 7
72,-1.06,"(24.7, 25.7)",[],r1b1kb1r/ppp2ppp/2n5/3qp3/8/3P1N2/PPP2PPP/RNBQ1RK1 b kq - 1 7
73,-1.06,"(24.7, 25.7)",[],r1b1kb1r/ppp2ppp/2n5/3qp3/8/3P1N2/PPP2PPP/RNBQ1RK1 b kq - 1 7
74,-1.06,"(24.7, 25.7)",[],r1b1kb1r/ppp2ppp/2n5/3qp3/8/3P1N2/PPP2PPP/RNBQ1RK1 b kq - 1 7
75,0.11,"(24.7, 49.6)",['f8d6'],r1b1k2r/ppp2ppp/2nb4/3qp3/8/3P1N2/PPP2PPP/RNBQ1RK1 w kq - 2 8
76,0.11,"(24.7, 49.6)",[],r1b1k2r/ppp2ppp/2nb4/3qp3/8/3P1N2/PPP2PPP/RNBQ1RK1 w kq - 2 8
77,0.11,"(24.7, 49.6)",[],r1b1k2r/ppp2ppp/2nb4/3qp3/8/3P1N2/PPP2PPP/RNBQ1RK1 w kq - 2 8
78,-0.87,"(28.3, 49.6)",['f1e1'],r1b1k2r/ppp2ppp/2nb4/3qp3/8/3P1N2/PPP2PPP/RNBQR1K1 b kq - 3 8
79,-0.87,"(28.3, 49.6)",[],r1b1k2r/ppp2ppp/2nb4/3qp3/8/3P1N2/PPP2PPP/RNBQR1K1 b kq - 3 8
80,-0.87,"(28.3, 49.6)",[],r1b1k2r/ppp2ppp/2nb4/3qp3/8/3P1N2/PPP2PPP/RNBQR1K1 b kq - 3 8
81,-0.87,"(28.3, 49.6)",[],r1b1k2r/ppp2ppp/2nb4/3qp3/8/3P1N2/PPP2PPP/RNBQR1K1 b kq - 3 8
82,-0.87,"(28.3, 49.6)",[],r1b1k2r/ppp2ppp/2nb4/3qp3/8/3P1N2/PPP2PPP/RNBQR1K1 b kq - 3 8
83,-0.87,"(28.3, 49.6)",[],r1b1k2r/ppp2ppp/2nb4/3qp3/8/3P1N2/PPP2PPP/RNBQR1K1 b kq - 3 8
84,-0.87,"(28.3, 49.6)",[],r1b1k2r/ppp2ppp/2nb4/3qp3/8/3P1N2/PPP2PPP/RNBQR1K1 b kq - 3 8
85,-0.87,"(28.3, 49.6)",[],r1b1k2r/ppp2ppp/2nb4/3qp3/8/3P1N2/PPP2PPP/RNBQR1K1 b kq - 3 8
86,-0.87,"(28.3, 49.6)",[],r1b1k2r/ppp2ppp/2nb4/3qp3/8/3P1N2/PPP2PPP/RNBQR1K1 b kq - 3 8
87,-0.87,"(28.3, 49.6)",[],r1b1k2r/ppp2ppp/2nb4/3qp3/8/3P1N2/PPP2PPP/RNBQR1K1 b kq - 3 8
88,-0.87,"(28.3, 49.6)",[],r1b1k2r/ppp2ppp/2nb4/3qp3/8/3P1N2/PPP2PPP/RNBQR1K1 b kq - 3 8
89,-0.87,"(28.3, 49.6)",[],r1b1k2r/ppp2ppp/2nb4/3qp3/8/3P1N2/PPP2PPP/RNBQR1K1 b kq - 3 8
90,-0.87,"(28.3, 49.6)",[],r1b1k2r/ppp2ppp/2nb4/3qp3/8/3P1N2/PPP2PPP/RNBQR1K1 b kq - 3 8
91,-0.87,"(28.3, 49.6)",[],r1b1k2r/ppp2ppp/2nb4/3qp3/8/3P1N2/PPP2PPP/RNBQR1K1 b kq - 3 8
92,-0.87,"(28.3, 49.6)",[],r1b1k2r/ppp2ppp/2nb4/3qp3/8/3P1N2/PPP2PPP/RNBQR1K1 b kq - 3 8
93,-0.87,"(28.3, 49.6)",[],r1b1k2r/ppp2ppp/2nb4/3qp3/8/3P1N2/PPP2PPP/RNBQR1K1 b kq - 3 8
94,-0.87,"(28.3, 49.6)",[],r1b1k2r/ppp2ppp/2nb4/3qp3/8/3P1N2/PPP2PPP/RNBQR1K1 b kq - 3 8
95,-0.87,"(28.3, 49.6)",[],r1b1k2r/ppp2ppp/2nb4/3qp3/8/3P1N2/PPP2PPP/RNBQR1K1 b kq - 3 8
96,-0.87,"(28.3, 49.6)",[],r1b1k2r/ppp2ppp/2nb4/3qp3/8/3P1N2/PPP2PPP/RNBQR1K1 b kq - 3 8
97,-0.87,"(28.3, 49.6)",[],r1b1k2r/ppp2ppp/2nb4/3qp3/8/3P1N2/PPP2PPP/RNBQR1K1 b kq - 3 8
98,-0.87,"(28.3, 49.6)",[],r1b1k2r/ppp2ppp/2nb4/3qp3/8/3P1N2/PPP2PPP/RNBQR1K1 b kq - 3 8
99,-0.87,"(28.3, 49.6)",[],r1b1k2r/ppp2ppp/2nb4/3qp3/8/3P1N2/PPP2PPP/RNBQR1K1 b kq - 3 8
100,-0.87,"(28.3, 49.6)",[],r1b1k2r/ppp2ppp/2nb4/3qp3/8/3P1N2/PPP2PPP/RNBQR1K1 b kq - 3 8
101,-0.87,"(28.3, 49.6)",[],r1b1k2r/ppp2ppp/2nb4/3qp3/8/3P1N2/PPP2PPP/RNBQR1K1 b kq - 3 8
102,-0.87,"(28.3, 49.6)",[],r1b1k2r/ppp2ppp/2nb4/3qp3/8/3P1N2/PPP2PPP/RNBQR1K1 b kq - 3 8
103,-0.87,"(28.3, 49.6)",[],r1b1k2r/ppp2ppp/2nb4/3qp3/8/3P1N2/PPP2PPP/RNBQR1K1 b kq - 3 8
104,-0.87,"(28.3, 49.6)",[],r1b1k2r/ppp2ppp/2nb4/3qp3/8/3P1N2/PPP2PPP/RNBQR1K1 b kq - 3 8
105,-0.87,"(28.3, 49.6)",[],r1b1k2r/ppp2ppp/2nb4/3qp3/8/3P1N2/PPP2PPP/RNBQR1K1 b kq - 3 8
106,-0.87,"(28.3, 49.6)",[],r1b1k2r/ppp2ppp/2nb4/3qp3/8/3P1N2/PPP2PPP/RNBQR1K1 b kq - 3 8
107,-0.87,"(28.3, 49.6)",[],r1b1k2r/ppp2ppp/2nb4/3qp3/8/3P1N2/PPP2PPP/RNBQR1K1 b kq - 3 8
108,-0.87,"(28.3, 49.6)",[],r1b1k2r/ppp2ppp/2nb4/3qp3/8/3P1N2/PPP2PPP/RNBQR1K1 b kq - 3 8
109,-0.87,"(28.3, 49.6)",[],r1b1k2r/ppp2ppp/2nb4/3qp3/8/3P1N2/PPP2PPP/RNBQR1K1 b kq - 3 8
110,-0.87,"(28.3, 49.6)",[],r1b1k2r/ppp2ppp/2nb4/3qp3/8/3P1N2/PPP2PPP/RNBQR1K1 b kq - 3 8
111,-0.22,"(28.3, 82.2)",['e8g8'],r1b2rk1/ppp2ppp/2nb4/3qp3/8/3P1N2/PPP2PPP/RNBQR1K1 w - - 4 9
112,-0.22,"(28.3, 82.2)",[],r1b2rk1/ppp2ppp/2nb4/3qp3/8/3P1N2/PPP2PPP/RNBQR1K1 w - - 4 9
113,-0.22,"(28.3, 82.2)",[],r1b2rk1/ppp2ppp/2nb4/3qp3/8/3P1N2/PPP2PPP/RNBQR1K1 w - - 4 9
114,-0.1,"(31.7, 82.2)",['b1c3'],r1b2rk1/ppp2ppp/2nb4/3qp3/8/2NP1N2/PPP2PPP/R1BQR1K1 b - - 5 9
115,-0.1,"(31.7, 82.2)",[],r1b2rk1/ppp2ppp/2nb4/3qp3/8/2NP1N2/PPP2PPP/R1BQR1K1 b - - 5 9
116,-0.1,"(31.7, 82.2)",[],r1b2rk1/ppp2ppp/2nb4/3qp3/8/2NP1N2/PPP2PPP/R1BQR1K1 b - - 5 9
117,-0.1,"(31.7, 82.2)",[],r1b2rk1/ppp2ppp/2nb4/3qp3/8/2NP1N2/PPP2PPP/R1BQR1K1 b - - 5 9
118,-0.1,"(31.7, 82.2)",[],r1b2rk1/ppp2ppp/2nb4/3qp3/8/2NP1N2/PPP2PPP/R1BQR1K1 b - - 5 9
119,-0.1,"(31.7, 82.2)",[],r1b2rk1/ppp2ppp/2nb4/3qp3/8/2NP1N2/PPP2PPP/R1BQR1K1 b - - 5 9
120,-0.1,"(31.7, 82.2)",[],r1b2rk1/ppp2ppp/2nb4/3qp3/8/2NP1N2/PPP2PPP/R1BQR1K1 b - - 5 9
121,-0.1,"(31.7, 82.2)",[],r1b2rk1/ppp2ppp/2nb4/3qp3/8/2NP1N2/PPP2PPP/R1BQR1K1 b - - 5 9
122,-0.1,"(31.7, 82.2)",[],r1b2rk1/ppp2ppp/2nb4/3qp3/8/2NP1N2/PPP2PPP/R1BQR1K1 b - - 5 9
123,-0.1,"(31.7, 82.2)",[],r1b2rk1/ppp2ppp/2nb4/3qp3/8/2NP1N2/PPP2PPP/R1BQR1K1 b - - 5 9
124,-0.1,"(31.7, 82.2)",[],r1b2rk1/ppp2ppp/2nb4/3qp3/8/2NP1N2/PPP2PPP/R1BQR1K1 b - - 5 9
125,-0.1,"(31.7, 82.2)",[],r1b2rk1/ppp2ppp/2nb4/3qp3/8/2NP1N2/PPP2PPP/R1BQR1K1 b - - 5 9
126,-0.1,"(31.7, 82.2)",[],r1b2rk1/ppp2ppp/2nb4/3qp3/8/2NP1N2/PPP2PPP/R1BQR1K1 b - - 5 9
127,-0.1,"(31.7, 82.2)",[],r1b2rk1/ppp2ppp/2nb4/3qp3/8/2NP1N2/PPP2PPP/R1BQR1K1 b - - 5 9
128,-0.1,"(31.7, 82.2)",[],r1b2rk1/ppp2ppp/2nb4/3qp3/8/2NP1N2/PPP2PPP/R1BQR1K1 b - - 5 9
129,-0.1,"(31.7, 82.2)",[],r1b2rk1/ppp2ppp/2nb4/3qp3/8/2NP1N2/PPP2PPP/R1BQR1K1 b - - 5 9
130,-0.1,"(31.7, 82.2)",[],r1b2rk1/ppp2ppp/2nb4/3qp3/8/2NP1N2/PPP2PPP/R1BQR1K1 b - - 5 9
131,-0.1,"(31.7, 82.2)",[],r1b2rk1/ppp2ppp/2nb4/3qp3/8/2NP1N2/PPP2PPP/R1BQR1K1 b - - 5 9
132,-0.1,"(31.7, 82.2)",[],r1b2rk1/ppp2ppp/2nb4/3qp3/8/2NP1N2/PPP2PPP/R1BQR1K1 b - - 5 9
133,-0.1,"(31.7, 82.2)",[],r1b2rk1/ppp2ppp/2nb4/3qp3/8/2NP1N2/PPP2PPP/R1BQR1K1 b - - 5 9
134,-0.1,"(31.7, 82.2)",[],r1b2rk1/ppp2ppp/2nb4/3qp3/8/2NP1N2/PPP2PPP/R1BQR1K1 b - - 5 9
135,-0.1,"(31.7, 82.2)",[],r1b2rk1/ppp2ppp/2nb4/3qp3/8/2NP1N2/PPP2PPP/R1BQR1K1 b - - 5 9
136,-0.1,"(31.7, 82.2)",[],r1b2rk1/ppp2ppp/2nb4/3qp3/8/2NP1N2/PPP2PPP/R1BQR1K1 b - - 5 9
137,-0.1,"(31.7, 82.2)",[],r1b2rk1/ppp2ppp/2nb4/3qp3/8/2NP1N2/PPP2PPP/R1BQR1K1 b - - 5 9
138,-0.1,"(31.7, 82.2)",[],r1b2rk1/ppp2ppp/2nb4/3qp3/8/2NP1N2/PPP2PPP/R1BQR1K1 b - - 5 9
139,-0.1,"(31.7, 82.2)",[],r1b2rk1/ppp2ppp/2nb4/3qp3/8/2NP1N2/PPP2PPP/R1BQR1K1 b - - 5 9
140,-0.1,"(31.7, 82.2)",[],r1b2rk1/ppp2ppp/2nb4/3qp3/8/2NP1N2/PPP2PPP/R1BQR1K1 b - - 5 9
141,-0.1,"(31.7, 82.2)",[],r1b2rk1/ppp2ppp/2nb4/3qp3/8/2NP1N2/PPP2PPP/R1BQR1K1 b - - 5 9
142,-0.1,"(31.7, 82.2)",[],r1b2rk1/ppp2ppp/2nb4/3qp3/8/2NP1N2/PPP2PPP/R1BQR1K1 b - - 5 9
143,-0.1,"(31.7, 82.2)",[],r1b2rk1/ppp2ppp/2nb4/3qp3/8/2NP1N2/PPP2PPP/R1BQR1K1 b - - 5 9
144,-0.1,"(31.7, 82.2)",[],r1b2rk1/ppp2ppp/2nb4/3qp3/8/2NP1N2/PPP2PPP/R1BQR1K1 b - - 5 9
145,-0.1,"(31.7, 82.2)",[],r1b2rk1/ppp2ppp/2nb4/3qp3/8/2NP1N2/PPP2PPP/R1BQR1K1 b - - 5 9
146,-0.1,"(31.7, 82.2)",[],r1b2rk1/ppp2ppp/2nb4/3qp3/8/2NP1N2/PPP2PPP/R1BQR1K1 b - - 5 9
147,-0.1,"(31.7, 82.2)",[],r1b2rk1/ppp2ppp/2nb4/3qp3/8/2NP1N2/PPP2PPP/R1BQR1K1 b - - 5 9
148,-0.1,"(31.7, 82.2)",[],r1b2rk1/ppp2ppp/2nb4/3qp3/8/2NP1N2/PPP2PPP/R1BQR1K1 b - - 5 9
149,-0.1,"(31.7, 82.2)",[],r1b2rk1/ppp2ppp/2nb4/3qp3/8/2NP1N2/PPP2PPP/R1BQR1K1 b - - 5 9
150,0.25,"(31.7, 118.1)",['d5e6'],r1b2rk1/ppp2ppp/2nbq3/4p3/8/2NP1N2/PPP2PPP/R1BQR1K1 w - - 6 10
151,0.25,"(31.7, 118.1)",[],r1b2rk1/ppp2ppp/2nbq3/4p3/8/2NP1N2/PPP2PPP/R1BQR1K1 w - - 6 10
152,0.25,"(31.7, 118.1)",[],r1b2rk1/ppp2ppp/2nbq3/4p3/8/2NP1N2/PPP2PPP/R1BQR1K1 w - - 6 10
153,-1.04,"(34.7, 118.1)",['c3b5'],r1b2rk1/ppp2ppp/2nbq3/1N2p3/8/3P1N2/PPP2PPP/R1BQR1K1 b - - 7 10
154,-1.04,"(34.7, 118.1)",[],r1b2rk1/ppp2ppp/2nbq3/1N2p3/8/3P1N2/PPP2PPP/R1BQR1K1 b - - 7 10
155,-1.04,"(34.7, 118.1)",[],r1b2rk1/ppp2ppp/2nbq3/1N2p3/8/3P1N2/PPP2PPP/R1BQR1K1 b - - 7 10
156,-1.04,"(34.7, 118.1)",[],r1b2rk1/ppp2ppp/2nbq3/1N2p3/8/3P1N2/PPP2PPP/R1BQR1K1 b - - 7 10
157,-1.04,"(34.7, 118.1)",[],r1b2rk1/ppp2ppp/2nbq3/1N2p3/8/3P1N2/PPP2PPP/R1BQR1K1 b - - 7 10
158,-1.04,"(34.7, 118.1)",[],r1b2rk1/ppp2ppp/2nbq3/1N2p3/8/3P1N2/PPP2PPP/R1BQR1K1 b - - 7 10
159,-1.04,"(34.7, 118.1)",[],r1b2rk1/ppp2ppp/2nbq3/1N2p3/8/3P1N2/PPP2PPP/R1BQR1K1 b - - 7 10
160,-1.04,"(34.7, 118.1)",[],r1b2rk1/ppp2ppp/2nbq3/1N2p3/8/3P1N2/PPP2PPP/R1BQR1K1 b - - 7 10
161,-1.04,"(34.7, 118.1)",[],r1b2rk1/ppp2ppp/2nbq3/1N2p3/8/3P1N2/PPP2PPP/R1BQR1K1 b - - 7 10
162,-1.04,"(34.7, 118.1)",[],r1b2rk1/ppp2ppp/2nbq3/1N2p3/8/3P1N2/PPP2PPP/R1BQR1K1 b - - 7 10
163,-1.04,"(34.7, 118.1)",[],r1b2rk1/ppp2ppp/2nbq3/1N2p3/8/3P1N2/PPP2PPP/R1BQR1K1 b - - 7 10
164,-1.04,"(34.7, 118.1)",[],r1b2rk1/ppp2ppp/2nbq3/1N2p3/8/3P1N2/PPP2PPP/R1BQR1K1 b - - 7 10
165,-1.04,"(34.7, 118.1)",[],r1b2rk1/ppp2ppp/2nbq3/1N2p3/8/3P1N2/PPP2PPP/R1BQR1K1 b - - 7 10
166,-1.04,"(34.7, 118.1)",[],r1b2rk1/ppp2ppp/2nbq3/1N2p3/8/3P1N2/PPP2PPP/R1BQR1K1 b - - 7 10
167,-1.04,"(34.7, 118.1)",[],r1b2rk1/ppp2ppp/2nbq3/1N2p3/8/3P1N2/PPP2PPP/R1BQR1K1 b - - 7 10
168,-1.04,"(34.7, 118.1)",[],r1b2rk1/ppp2ppp/2nbq3/1N2p3/8/3P1N2/PPP2PPP/R1BQR1K1 b - - 7 10
169,-1.04,"(34.7, 118.1)",[],r1b2rk1/ppp2ppp/2nbq3/1N2p3/8/3P1N2/PPP2PPP/R1BQR1K1 b - - 7 10
170,-1.04,"(34.7, 118.1)",[],r1b2rk1/ppp2ppp/2nbq3/1N2p3/8/3P1N2/PPP2PPP/R1BQR1K1 b - - 7 10
171,-1.04,"(34.7, 118.1)",[],r1b2rk1/ppp2ppp/2nbq3/1N2p3/8/3P1N2/PPP2PPP/R1BQR1K1 b - - 7 10
172,-1.04,"(34.7, 118.1)",[],r1b2rk1/ppp2ppp/2nbq3/1N2p3/8/3P1N2/PPP2PPP/R1BQR1K1 b - - 7 10
173,-1.04,"(34.7, 118.1)",[],r1b2rk1/ppp2ppp/2nbq3/1N2p3/8/3P1N2/PPP2PPP/R1BQR1K1 b - - 7 10
174,-1.04,"(34.7, 118.1)",[],r1b2rk1/ppp2ppp/2nbq3/1N2p3/8/3P1N2/PPP2PPP/R1BQR1K1 b - - 7 10
175,-0.6,"(34.7, 140.2)",['a7a6'],r1b2rk1/1pp2ppp/p1nbq3/1N2p3/8/3P1N2/PPP2PPP/R1BQR1K1 w - - 0 11
176,-0.6,"(34.7, 140.2)",[],r1b2rk1/1pp2ppp/p1nbq3/1N2p3/8/3P1N2/PPP2PPP/R1BQR1K1 w - - 0 11
177,-0.6,"(34.7, 140.2)",[],r1b2rk1/1pp2ppp/p1nbq3/1N2p3/8/3P1N2/PPP2PPP/R1BQR1K1 w - - 0 11
178,-0.6,"(34.7, 140.2)",[],r1b2rk1/1pp2ppp/p1nbq3/1N2p3/8/3P1N2/PPP2PPP/R1BQR1K1 w - - 0 11
179,-6.14,"(38.6, 140.2)",['b5c7'],r1b2rk1/1pN2ppp/p1nbq3/4p3/8/3P1N2/PPP2PPP/R1BQR1K1 b - - 0 11
180,-6.14,"(38.6, 140.2)",[],r1b2rk1/1pN2ppp/p1nbq3/4p3/8/3P1N2/PPP2PPP/R1BQR1K1 b - - 0 11
181,-6.14,"(38.6, 140.2)",[],r1b2rk1/1pN2ppp/p1nbq3/4p3/8/3P1N2/PPP2PPP/R1BQR1K1 b - - 0 11
182,-6.42,"(38.6, 142.5)",['d6c7'],r1b2rk1/1pb2ppp/p1n1q3/4p3/8/3P1N2/PPP2PPP/R1BQR1K1 w - - 0 12
183,-6.42,"(38.6, 142.5)",[],r1b2rk1/1pb2ppp/p1n1q3/4p3/8/3P1N2/PPP2PPP/R1BQR1K1 w - - 0 12
184,-6.42,"(38.6, 142.5)",[],r1b2rk1/1pb2ppp/p1n1q3/4p3/8/3P1N2/PPP2PPP/R1BQR1K1 w - - 0 12
185,-6.42,"(38.6, 142.5)",[],r1b2rk1/1pb2ppp/p1n1q3/4p3/8/3P1N2/PPP2PPP/R1BQR1K1 w - - 0 12
186,-6.42,"(38.6, 142.5)",[],r1b2rk1/1pb2ppp/p1n1q3/4p3/8/3P1N2/PPP2PPP/R1BQR1K1 w - - 0 12
187,-6.42,"(38.6, 142.5)",[],r1b2rk1/1pb2ppp/p1n1q3/4p3/8/3P1N2/PPP2PPP/R1BQR1K1 w - - 0 12
188,-6.42,"(38.6, 142.5)",[],r1b2rk1/1pb2ppp/p1n1q3/4p3/8/3P1N2/PPP2PPP/R1BQR1K1 w - - 0 12
189,-6.42,"(38.6, 142.5)",[],r1b2rk1/1pb2ppp/p1n1q3/4p3/8/3P1N2/PPP2PPP/R1BQR1K1 w - - 0 12
190,-6.42,"(38.6, 142.5)",[],r1b2rk1/1pb2ppp/p1n1q3/4p3/8/3P1N2/PPP2PPP/R1BQR1K1 w - - 0 12
191,-6.42,"(38.6, 142.5)",[],r1b2rk1/1pb2ppp/p1n1q3/4p3/8/3P1N2/PPP2PPP/R1BQR1K1 w - - 0 12
192,-6.42,"(38.6, 142.5)",[],r1b2rk1/1pb2ppp/p1n1q3/4p3/8/3P1N2/PPP2PPP/R1BQR1K1 w - - 0 12
193,-6.42,"(38.6, 142.5)",[],r1b2rk1/1pb2ppp/p1n1q3/4p3/8/3P1N2/PPP2PPP/R1BQR1K1 w - - 0 12
194,-6.42,"(38.6, 142.5)",[],r1b2rk1/1pb2ppp/p1n1q3/4p3/8/3P1N2/PPP2PPP/R1BQR1K1 w - - 0 12
195,-6.42,"(38.6, 142.5)",[],r1b2rk1/1pb2ppp/p1n1q3/4p3/8/3P1N2/PPP2PPP/R1BQR1K1 w - - 0 12
196,-6.42,"(38.6, 142.5)",[],r1b2rk1/1pb2ppp/p1n1q3/4p3/8/3P1N2/PPP2PPP/R1BQR1K1 w - - 0 12
197,-6.42,"(38.6, 142.5)",[],r1b2rk1/1pb2ppp/p1n1q3/4p3/8/3P1N2/PPP2PPP/R1BQR1K1 w - - 0 12
198,-6.42,"(38.6, 142.5)",[],r1b2rk1/1pb2ppp/p1n1q3/4p3/8/3P1N2/PPP2PPP/R1BQR1K1 w - - 0 12
199,-6.42,"(38.6, 142.5)",[],r1b2rk1/1pb2ppp/p1n1q3/4p3/8/3P1N2/PPP2PPP/R1BQR1K1 w - - 0 12
200,-6.42,"(38.6, 142.5)",[],r1b2rk1/1pb2ppp/p1n1q3/4p3/8/3P1N2/PPP2PPP/R1BQR1K1 w - - 0 12
201,-6.42,"(38.6, 142.5)",[],r1b2rk1/1pb2ppp/p1n1q3/4p3/8/3P1N2/PPP2PPP/R1BQR1K1 w - - 0 12
202,-6.42,"(38.6, 142.5)",[],r1b2rk1/1pb2ppp/p1n1q3/4p3/8/3P1N2/PPP2PPP/R1BQR1K1 w - - 0 12
203,-6.42,"(38.6, 142.5)",[],r1b2rk1/1pb2ppp/p1n1q3/4p3/8/3P1N2/PPP2PPP/R1BQR1K1 w - - 0 12
204,-6.42,"(38.6, 142.5)",[],r1b2rk1/1pb2ppp/p1n1q3/4p3/8/3P1N2/PPP2PPP/R1BQR1K1 w - - 0 12
205,-8.46,"(61.9, 142.5)",['c2c4'],r1b2rk1/1pb2ppp/p1n1q3/4p3/2P5/3P1N2/PP3PPP/R1BQR1K1 b - - 0 12
206,-8.46,"(61.9, 142.5)",[],r1b2rk1/1pb2ppp/p1n1q3/4p3/2P5/3P1N2/PP3PPP/R1BQR1K1 b - - 0 12
207,-8.46,"(61.9, 142.5)",[],r1b2rk1/1pb2ppp/p1n1q3/4p3/2P5/3P1N2/PP3PPP/R1BQR1K1 b - - 0 12
208,-8.46,"(61.9, 142.5)",[],r1b2rk1/1pb2ppp/p1n1q3/4p3/2P5/3P1N2/PP3PPP/R1BQR1K1 b - - 0 12
209,-8.46,"(61.9, 142.5)",[],r1b2rk1/1pb2ppp/p1n1q3/4p3/2P5/3P1N2/PP3PPP/R1BQR1K1 b - - 0 12
210,-8.46,"(61.9, 142.5)",[],r1b2rk1/1pb2ppp/p1n1q3/4p3/2P5/3P1N2/PP3PPP/R1BQR1K1 b - - 0 12
211,-8.46,"(61.9, 142.5)",[],r1b2rk1/1pb2ppp/p1n1q3/4p3/2P5/3P1N2/PP3PPP/R1BQR1K1 b - - 0 12
212,-8.46,"(61.9, 142.5)",[],r1b2rk1/1pb2ppp/p1n1q3/4p3/2P5/3P1N2/PP3PPP/R1BQR1K1 b - - 0 12
213,-8.46,"(61.9, 142.5)",[],r1b2rk1/1pb2ppp/p1n1q3/4p3/2P5/3P1N2/PP3PPP/R1BQR1K1 b - - 0 12
214,-8.46,"(61.9, 142.5)",[],r1b2rk1/1pb2ppp/p1n1q3/4p3/2P5/3P1N2/PP3PPP/R1BQR1K1 b - - 0 12
215,-8.46,"(61.9, 142.5)",[],r1b2rk1/1pb2ppp/p1n1q3/4p3/2P5/3P1N2/PP3PPP/R1BQR1K1 b - - 0 12
216,-8.46,"(61.9, 142.5)",[],r1b2rk1/1pb2ppp/p1n1q3/4p3/2P5/3P1N2/PP3PPP/R1BQR1K1 b - - 0 12
217,-8.46,"(61.9, 142.5)",[],r1b2rk1/1pb2ppp/p1n1q3/4p3/2P5/3P1N2/PP3PPP/R1BQR1K1 b - - 0 12
218,-8.46,"(61.9, 142.5)",[],r1b2rk1/1pb2ppp/p1n1q3/4p3/2P5/3P1N2/PP3PPP/R1BQR1K1 b - - 0 12
219,-8.46,"(61.9, 142.5)",[],r1b2rk1/1pb2ppp/p1n1q3/4p3/2P5/3P1N2/PP3PPP/R1BQR1K1 b - - 0 12
220,-8.46,"(61.9, 142.5)",[],r1b2rk1/1pb2ppp/p1n1q3/4p3/2P5/3P1N2/PP3PPP/R1BQR1K1 b - - 0 12
221,-8.46,"(61.9, 142.5)",[],r1b2rk1/1pb2ppp/p1n1q3/4p3/2P5/3P1N2/PP3PPP/R1BQR1K1 b - - 0 12
222,-8.46,"(61.9, 142.5)",[],r1b2rk1/1pb2ppp/p1n1q3/4p3/2P5/3P1N2/PP3PPP/R1BQR1K1 b - - 0 12
223,-8.46,"(61.9, 142.5)",[],r1b2rk1/1pb2ppp/p1n1q3/4p3/2P5/3P1N2/PP3PPP/R1BQR1K1 b - - 0 12
224,-8.46,"(61.9, 142.5)",[],r1b2rk1/1pb2ppp/p1n1q3/4p3/2P5/3P1N2/PP3PPP/R1BQR1K1 b - - 0 12
225,-8.46,"(61.9, 142.5)",[],r1b2rk1/1pb2ppp/p1n1q3/4p3/2P5/3P1N2/PP3PPP/R1BQR1K1 b - - 0 12
226,-8.46,"(61.9, 142.5)",[],r1b2rk1/1pb2ppp/p1n1q3/4p3/2P5/3P1N2/PP3PPP/R1BQR1K1 b - - 0 12
227,-8.46,"(61.9, 142.5)",[],r1b2rk1/1pb2ppp/p1n1q3/4p3/2P5/3P1N2/PP3PPP/R1BQR1K1 b - - 0 12
228,-8.46,"(61.9, 142.5)",[],r1b2rk1/1pb2ppp/p1n1q3/4p3/2P5/3P1N2/PP3PPP/R1BQR1K1 b - - 0 12
229,-8.46,"(61.9, 142.5)",[],r1b2rk1/1pb2ppp/p1n1q3/4p3/2P5/3P1N2/PP3PPP/R1BQR1K1 b - - 0 12
230,-8.46,"(61.9, 142.5)",[],r1b2rk1/1pb2ppp/p1n1q3/4p3/2P5/3P1N2/PP3PPP/R1BQR1K1 b - - 0 12
231,-8.46,"(61.9, 142.5)",[],r1b2rk1/1pb2ppp/p1n1q3/4p3/2P5/3P1N2/PP3PPP/R1BQR1K1 b - - 0 12
232,-8.46,"(61.9, 142.5)",[],r1b2rk1/1pb2ppp/p1n1q3/4p3/2P5/3P1N2/PP3PPP/R1BQR1K1 b - - 0 12
233,-8.46,"(61.9, 142.5)",[],r1b2rk1/1pb2ppp/p1n1q3/4p3/2P5/3P1N2/PP3PPP/R1BQR1K1 b - - 0 12
234,-6.65,"(61.9, 171.2)",['f7f6'],r1b2rk1/1pb3pp/p1n1qp2/4p3/2P5/3P1N2/PP3PPP/R1BQR1K1 w - - 0 13
235,-6.65,"(61.9, 171.2)",[],r1b2rk1/1pb3pp/p1n1qp2/4p3/2P5/3P1N2/PP3PPP/R1BQR1K1 w - - 0 13
236,-6.65,"(61.9, 171.2)",[],r1b2rk1/1pb3pp/p1n1qp2/4p3/2P5/3P1N2/PP3PPP/R1BQR1K1 w - - 0 13
237,-6.65,"(61.9, 171.2)",[],r1b2rk1/1pb3pp/p1n1qp2/4p3/2P5/3P1N2/PP3PPP/R1BQR1K1 w - - 0 13
238,-6.65,"(61.9, 171.2)",[],r1b2rk1/1pb3pp/p1n1qp2/4p3/2P5/3P1N2/PP3PPP/R1BQR1K1 w - - 0 13
239,-6.65,"(61.9, 171.2)",[],r1b2rk1/1pb3pp/p1n1qp2/4p3/2P5/3P1N2/PP3PPP/R1BQR1K1 w - - 0 13
240,-8.46,"(68.1, 171.2)",['d1e2'],r1b2rk1/1pb3pp/p1n1qp2/4p3/2P5/3P1N2/PP2QPPP/R1B1R1K1 b - - 1 13
241,-8.46,"(68.1, 171.2)",[],r1b2rk1/1pb3pp/p1n1qp2/4p3/2P5/3P1N2/PP2QPPP/R1B1R1K1 b - - 1 13
242,-8.46,"(68.1, 171.2)",[],r1b2rk1/1pb3pp/p1n1qp2/4p3/2P5/3P1N2/PP2QPPP/R1B1R1K1 b - - 1 13
243,-8.46,"(68.1, 171.2)",[],r1b2rk1/1pb3pp/p1n1qp2/4p3/2P5/3P1N2/PP2QPPP/R1B1R1K1 b - - 1 13
244,-8.46,"(68.1, 171.2)",[],r1b2rk1/1pb3pp/p1n1qp2/4p3/2P5/3P1N2/PP2QPPP/R1B1R1K1 b - - 1 13
245,-8.46,"(68.1, 171.2)",[],r1b2rk1/1pb3pp/p1n1qp2/4p3/2P5/3P1N2/PP2QPPP/R1B1R1K1 b - - 1 13
246,-8.46,"(68.1, 171.2)",[],r1b2rk1/1pb3pp/p1n1qp2/4p3/2P5/3P1N2/PP2QPPP/R1B1R1K1 b - - 1 13
247,-8.46,"(68.1, 171.2)",[],r1b2rk1/1pb3pp/p1n1qp2/4p3/2P5/3P1N2/PP2QPPP/R1B1R1K1 b - - 1 13
248,-8.46,"(68.1, 171.2)",[],r1b2rk1/1pb3pp/p1n1qp2/4p3/2P5/3P1N2/PP2QPPP/R1B1R1K1 b - - 1 13
249,-8.46,"(68.1, 171.2)",[],r1b2rk1/1pb3pp/p1n1qp2/4p3/2P5/3P1N2/PP2QPPP/R1B1R1K1 b - - 1 13
250,-8.46,"(68.1, 171.2)",[],r1b2rk1/1pb3pp/p1n1qp2/4p3/2P5/3P1N2/PP2QPPP/R1B1R1K1 b - - 1 13
251,-8.46,"(68.1, 171.2)",[],r1b2rk1/1pb3pp/p1n1qp2/4p3/2P5/3P1N2/PP2QPPP/R1B1R1K1 b - - 1 13
252,-8.46,"(68.1, 171.2)",[],r1b2rk1/1pb3pp/p1n1qp2/4p3/2P5/3P1N2/PP2QPPP/R1B1R1K1 b - - 1 13
253,-8.46,"(68.1, 171.2)",[],r1b2rk1/1pb3pp/p1n1qp2/4p3/2P5/3P1N2/PP2QPPP/R1B1R1K1 b - - 1 13
254,-8.46,"(68.1, 171.2)",[],r1b2rk1/1pb3pp/p1n1qp2/4p3/2P5/3P1N2/PP2QPPP/R1B1R1K1 b - - 1 13
255,-8.46,"(68.1, 171.2)",[],r1b2rk1/1pb3pp/p1n1qp2/4p3/2P5/3P1N2/PP2QPPP/R1B1R1K1 b - - 1 13
256,-8.46,"(68.1, 171.2)",[],r1b2rk1/1pb3pp/p1n1qp2/4p3/2P5/3P1N2/PP2QPPP/R1B1R1K1 b - - 1 13
257,-6.69,"(68.1, 188.9)",['c8d7'],r4rk1/1pbb2pp/p1n1qp2/4p3/2P5/3P1N2/PP2QPPP/R1B1R1K1 w - - 2 14
258,-6.69,"(68.1, 188.9)",[],r4rk1/1pbb2pp/p1n1qp2/4p3/2P5/3P1N2/PP2QPPP/R1B1R1K1 w - - 2 14
259,-6.69,"(68.1, 188.9)",[],r4rk1/1pbb2pp/p1n1qp2/4p3/2P5/3P1N2/PP2QPPP/R1B1R1K1 w - - 2 14
260,-6.69,"(68.1, 188.9)",[],r4rk1/1pbb2pp/p1n1qp2/4p3/2P5/3P1N2/PP2QPPP/R1B1R1K1 w - - 2 14
261,-6.69,"(68.1, 188.9)",[],r4rk1/1pbb2pp/p1n1qp2/4p3/2P5/3P1N2/PP2QPPP/R1B1R1K1 w - - 2 14
262,-8.02,"(73.0, 188.9)",['c1d2'],r4rk1/1pbb2pp/p1n1qp2/4p3/2P5/3P1N2/PP1BQPPP/R3R1K1 b - - 3 14
263,-8.02,"(73.0, 188.9)",[],r4rk1/1pbb2pp/p1n1qp2/4p3/2P5/3P1N2/PP1BQPPP/R3R1K1 b - - 3 14
264,-8.02,"(73.0, 188.9)",[],r4rk1/1pbb2pp/p1n1qp2/4p3/2P5/3P1N2/PP1BQPPP/R3R1K1 b - - 3 14
265,-6.64,"(73.0, 191.3)",['a8d8'],3r1rk1/1pbb2pp/p1n1qp2/4p3/2P5/3P1N2/PP1BQPPP/R3R1K1 w - - 4 15
266,-8.56,"(74.3, 191.3)",['d2c3'],3r1rk1/1pbb2pp/p1n1qp2/4p3/2P5/2BP1N2/PP2QPPP/R3R1K1 b - - 5 15
267,-8.56,"(74.3, 191.3)",[],3r1rk1/1pbb2pp/p1n1qp2/4p3/2P5/2BP1N2/PP2QPPP/R3R1K1 b - - 5 15
268,-8.56,"(74.3, 191.3)",[],3r1rk1/1pbb2pp/p1n1qp2/4p3/2P5/2BP1N2/PP2QPPP/R3R1K1 b - - 5 15
269,-8.56,"(74.3, 191.3)",[],3r1rk1/1pbb2pp/p1n1qp2/4p3/2P5/2BP1N2/PP2QPPP/R3R1K1 b - - 5 15
270,-8.56,"(74.3, 191.3)",[],3r1rk1/1pbb2pp/p1n1qp2/4p3/2P5/2BP1N2/PP2QPPP/R3R1K1 b - - 5 15
271,-8.56,"(74.3, 191.3)",[],3r1rk1/1pbb2pp/p1n1qp2/4p3/2P5/2BP1N2/PP2QPPP/R3R1K1 b - - 5 15
272,-8.56,"(74.3, 191.3)",[],3r1rk1/1pbb2pp/p1n1qp2/4p3/2P5/2BP1N2/PP2QPPP/R3R1K1 b - - 5 15
273,-8.56,"(74.3, 191.3)",[],3r1rk1/1pbb2pp/p1n1qp2/4p3/2P5/2BP1N2/PP2QPPP/R3R1K1 b - - 5 15
274,-8.56,"(74.3, 191.3)",[],3r1rk1/1pbb2pp/p1n1qp2/4p3/2P5/2BP1N2/PP2QPPP/R3R1K1 b - - 5 15
275,-8.56,"(74.3, 191.3)",[],3r1rk1/1pbb2pp/p1n1qp2/4p3/2P5/2BP1N2/PP2QPPP/R3R1K1 b - - 5 15
276,-8.56,"(74.3, 191.3)",[],3r1rk1/1pbb2pp/p1n1qp2/4p3/2P5/2BP1N2/PP2QPPP/R3R1K1 b - - 5 15
277,-8.56,"(74.3, 191.3)",[],3r1rk1/1pbb2pp/p1n1qp2/4p3/2P5/2BP1N2/PP2QPPP/R3R1K1 b - - 5 15
278,-8.56,"(74.3, 191.3)",[],3r1rk1/1pbb2pp/p1n1qp2/4p3/2P5/2BP1N2/PP2QPPP/R3R1K1 b - - 5 15
279,-8.56,"(74.3, 191.3)",[],3r1rk1/1pbb2pp/p1n1qp2/4p3/2P5/2BP1N2/PP2QPPP/R3R1K1 b - - 5 15
280,-8.56,"(74.3, 191.3)",[],3r1rk1/1pbb2pp/p1n1qp2/4p3/2P5/2BP1N2/PP2QPPP/R3R1K1 b - - 5 15
281,-8.56,"(74.3, 191.3)",[],3r1rk1/1pbb2pp/p1n1qp2/4p3/2P5/2BP1N2/PP2QPPP/R3R1K1 b - - 5 15
282,-8.56,"(74.3, 191.3)",[],3r1rk1/1pbb2pp/p1n1qp2/4p3/2P5/2BP1N2/PP2QPPP/R3R1K1 b - - 5 15
283,-8.56,"(74.3, 191.3)",[],3r1rk1/1pbb2pp/p1n1qp2/4p3/2P5/2BP1N2/PP2QPPP/R3R1K1 b - - 5 15
284,-8.56,"(74.3, 191.3)",[],3r1rk1/1pbb2pp/p1n1qp2/4p3/2P5/2BP1N2/PP2QPPP/R3R1K1 b - - 5 15
285,-8.56,"(74.3, 191.3)",[],3r1rk1/1pbb2pp/p1n1qp2/4p3/2P5/2BP1N2/PP2QPPP/R3R1K1 b - - 5 15
286,-8.56,"(74.3, 191.3)",[],3r1rk1/1pbb2pp/p1n1qp2/4p3/2P5/2BP1N2/PP2QPPP/R3R1K1 b - - 5 15
287,-8.56,"(74.3, 191.3)",[],3r1rk1/1pbb2pp/p1n1qp2/4p3/2P5/2BP1N2/PP2QPPP/R3R1K1 b - - 5 15
288,-6.28,"(74.3, 213.7)",['c7a5'],3r1rk1/1p1b2pp/p1n1qp2/b3p3/2P5/2BP1N2/PP2QPPP/R3R1K1 w - - 6 16
289,-6.28,"(74.3, 213.7)",[],3r1rk1/1p1b2pp/p1n1qp2/b3p3/2P5/2BP1N2/PP2QPPP/R3R1K1 w - - 6 16
290,-6.28,"(74.3, 213.7)",[],3r1rk1/1p1b2pp/p1n1qp2/b3p3/2P5/2BP1N2/PP2QPPP/R3R1K1 w - - 6 16
291,-6.28,"(74.3, 213.7)",[],3r1rk1/1p1b2pp/p1n1qp2/b3p3/2P5/2BP1N2/PP2QPPP/R3R1K1 w - - 6 16
292,-6.28,"(74.3, 213.7)",[],3r1rk1/1p1b2pp/p1n1qp2/b3p3/2P5/2BP1N2/PP2QPPP/R3R1K1 w - - 6 16
293,-7.34,"(79.0, 213.7)",['a1c1'],3r1rk1/1p1b2pp/p1n1qp2/b3p3/2P5/2BP1N2/PP2QPPP/2R1R1K1 b - - 7 16
294,-7.34,"(79.0, 213.7)",[],3r1rk1/1p1b2pp/p1n1qp2/b3p3/2P5/2BP1N2/PP2QPPP/2R1R1K1 b - - 7 16
295,-7.34,"(79.0, 213.7)",[],3r1rk1/1p1b2pp/p1n1qp2/b3p3/2P5/2BP1N2/PP2QPPP/2R1R1K1 b - - 7 16
296,-7.34,"(79.0, 213.7)",[],3r1rk1/1p1b2pp/p1n1qp2/b3p3/2P5/2BP1N2/PP2QPPP/2R1R1K1 b - - 7 16
297,-7.34,"(79.0, 213.7)",[],3r1rk1/1p1b2pp/p1n1qp2/b3p3/2P5/2BP1N2/PP2QPPP/2R1R1K1 b - - 7 16
298,-7.34,"(79.0, 213.7)",[],3r1rk1/1p1b2pp/p1n1qp2/b3p3/2P5/2BP1N2/PP2QPPP/2R1R1K1 b - - 7 16
299,-7.34,"(79.0, 213.7)",[],3r1rk1/1p1b2pp/p1n1qp2/b3p3/2P5/2BP1N2/PP2QPPP/2R1R1K1 b - - 7 16
300,-7.34,"(79.0, 213.7)",[],3r1rk1/1p1b2pp/p1n1qp2/b3p3/2P5/2BP1N2/PP2QPPP/2R1R1K1 b - - 7 16
301,-7.34,"(79.0, 213.7)",[],3r1rk1/1p1b2pp/p1n1qp2/b3p3/2P5/2BP1N2/PP2QPPP/2R1R1K1 b - - 7 16
302,-7.34,"(79.0, 213.7)",[],3r1rk1/1p1b2pp/p1n1qp2/b3p3/2P5/2BP1N2/PP2QPPP/2R1R1K1 b - - 7 16
303,-7.34,"(79.0, 213.7)",[],3r1rk1/1p1b2pp/p1n1qp2/b3p3/2P5/2BP1N2/PP2QPPP/2R1R1K1 b - - 7 16
304,-7.34,"(79.0, 213.7)",[],3r1rk1/1p1b2pp/p1n1qp2/b3p3/2P5/2BP1N2/PP2QPPP/2R1R1K1 b - - 7 16
305,-7.34,"(79.0, 213.7)",[],3r1rk1/1p1b2pp/p1n1qp2/b3p3/2P5/2BP1N2/PP2QPPP/2R1R1K1 b - - 7 16
306,-7.34,"(79.0, 213.7)",[],3r1rk1/1p1b2pp/p1n1qp2/b3p3/2P5/2BP1N2/PP2QPPP/2R1R1K1 b - - 7 16
307,-7.34,"(79.0, 213.7)",[],3r1rk1/1p1b2pp/p1n1qp2/b3p3/2P5/2BP1N2/PP2QPPP/2R1R1K1 b - - 7 16
308,-7.34,"(79.0, 213.7)",[],3r1rk1/1p1b2pp/p1n1qp2/b3p3/2P5/2BP1N2/PP2QPPP/2R1R1K1 b - - 7 16
309,-7.34,"(79.0, 213.7)",[],3r1rk1/1p1b2pp/p1n1qp2/b3p3/2P5/2BP1N2/PP2QPPP/2R1R1K1 b - - 7 16
310,-7.34,"(79.0, 213.7)",[],3r1rk1/1p1b2pp/p1n1qp2/b3p3/2P5/2BP1N2/PP2QPPP/2R1R1K1 b - - 7 16
311,-7.34,"(79.0, 213.7)",[],3r1rk1/1p1b2pp/p1n1qp2/b3p3/2P5/2BP1N2/PP2QPPP/2R1R1K1 b - - 7 16
312,-7.34,"(79.0, 213.7)",[],3r1rk1/1p1b2pp/p1n1qp2/b3p3/2P5/2BP1N2/PP2QPPP/2R1R1K1 b - - 7 16
313,-7.34,"(79.0, 213.7)",[],3r1rk1/1p1b2pp/p1n1qp2/b3p3/2P5/2BP1N2/PP2QPPP/2R1R1K1 b - - 7 16
314,-7.34,"(79.0, 213.7)",[],3r1rk1/1p1b2pp/p1n1qp2/b3p3/2P5/2BP1N2/PP2QPPP/2R1R1K1 b - - 7 16
315,-7.34,"(79.0, 213.7)",[],3r1rk1/1p1b2pp/p1n1qp2/b3p3/2P5/2BP1N2/PP2QPPP/2R1R1K1 b - - 7 16
316,-7.34,"(79.0, 213.7)",[],3r1rk1/1p1b2pp/p1n1qp2/b3p3/2P5/2BP1N2/PP2QPPP/2R1R1K1 b - - 7 16
317,-7.34,"(79.0, 213.7)",[],3r1rk1/1p1b2pp/p1n1qp2/b3p3/2P5/2BP1N2/PP2QPPP/2R1R1K1 b - - 7 16
318,-7.34,"(79.0, 213.7)",[],3r1rk1/1p1b2pp/p1n1qp2/b3p3/2P5/2BP1N2/PP2QPPP/2R1R1K1 b - - 7 16
319,-7.34,"(79.0, 213.7)",[],3r1rk1/1p1b2pp/p1n1qp2/b3p3/2P5/2BP1N2/PP2QPPP/2R1R1K1 b - - 7 16
320,-7.34,"(79.0, 213.7)",[],3r1rk1/1p1b2pp/p1n1qp2/b3p3/2P5/2BP1N2/PP2QPPP/2R1R1K1 b - - 7 16
321,-7.34,"(79.0, 213.7)",[],3r1rk1/1p1b2pp/p1n1qp2/b3p3/2P5/2BP1N2/PP2QPPP/2R1R1K1 b - - 7 16
322,-7.34,"(79.0, 213.7)",[],3r1rk1/1p1b2pp/p1n1qp2/b3p3/2P5/2BP1N2/PP2QPPP/2R1R1K1 b - - 7 16
323,-7.34,"(79.0, 213.7)",[],3r1rk1/1p1b2pp/p1n1qp2/b3p3/2P5/2BP1N2/PP2QPPP/2R1R1K1 b - - 7 16
324,-7.34,"(79.0, 213.7)",[],3r1rk1/1p1b2pp/p1n1qp2/b3p3/2P5/2BP1N2/PP2QPPP/2R1R1K1 b - - 7 16
325,-7.34,"(79.0, 213.7)",[],3r1rk1/1p1b2pp/p1n1qp2/b3p3/2P5/2BP1N2/PP2QPPP/2R1R1K1 b - - 7 16
326,-7.34,"(79.0, 213.7)",[],3r1rk1/1p1b2pp/p1n1qp2/b3p3/2P5/2BP1N2/PP2QPPP/2R1R1K1 b - - 7 16
327,-7.34,"(79.0, 213.7)",[],3r1rk1/1p1b2pp/p1n1qp2/b3p3/2P5/2BP1N2/PP2QPPP/2R1R1K1 b - - 7 16
328,-7.34,"(79.0, 213.7)",[],3r1rk1/1p1b2pp/p1n1qp2/b3p3/2P5/2BP1N2/PP2QPPP/2R1R1K1 b - - 7 16
329,-7.34,"(79.0, 213.7)",[],3r1rk1/1p1b2pp/p1n1qp2/b3p3/2P5/2BP1N2/PP2QPPP/2R1R1K1 b - - 7 16
330,-7.34,"(79.0, 213.7)",[],3r1rk1/1p1b2pp/p1n1qp2/b3p3/2P5/2BP1N2/PP2QPPP/2R1R1K1 b - - 7 16
331,-7.34,"(79.0, 213.7)",[],3r1rk1/1p1b2pp/p1n1qp2/b3p3/2P5/2BP1N2/PP2QPPP/2R1R1K1 b - - 7 16
332,-7.59,"(79.0, 252.5)",['a5c3'],3r1rk1/1p1b2pp/p1n1qp2/4p3/2P5/2bP1N2/PP2QPPP/2R1R1K1 w - - 0 17
333,-7.59,"(79.0, 252.5)",[],3r1rk1/1p1b2pp/p1n1qp2/4p3/2P5/2bP1N2/PP2QPPP/2R1R1K1 w - - 0 17
334,-7.59,"(79.0, 252.5)",[],3r1rk1/1p1b2pp/p1n1qp2/4p3/2P5/2bP1N2/PP2QPPP/2R1R1K1 w - - 0 17
335,-7.59,"(79.0, 252.5)",[],3r1rk1/1p1b2pp/p1n1qp2/4p3/2P5/2bP1N2/PP2QPPP/2R1R1K1 w - - 0 17
336,-8.13,"(82.9, 252.5)",['c1c3'],3r1rk1/1p1b2pp/p1n1qp2/4p3/2P5/2RP1N2/PP2QPPP/4R1K1 b - - 0 17
337,-8.13,"(82.9, 252.5)",[],3r1rk1/1p1b2pp/p1n1qp2/4p3/2P5/2RP1N2/PP2QPPP/4R1K1 b - - 0 17
338,-8.13,"(82.9, 252.5)",[],3r1rk1/1p1b2pp/p1n1qp2/4p3/2P5/2RP1N2/PP2QPPP/4R1K1 b - - 0 17
339,-8.13,"(82.9, 252.5)",[],3r1rk1/1p1b2pp/p1n1qp2/4p3/2P5/2RP1N2/PP2QPPP/4R1K1 b - - 0 17
340,-8.13,"(82.9, 252.5)",[],3r1rk1/1p1b2pp/p1n1qp2/4p3/2P5/2RP1N2/PP2QPPP/4R1K1 b - - 0 17
341,-8.13,"(82.9, 252.5)",[],3r1rk1/1p1b2pp/p1n1qp2/4p3/2P5/2RP1N2/PP2QPPP/4R1K1 b - - 0 17
342,-4.33,"(82.9, 258.2)",['c6b4'],3r1rk1/1p1b2pp/p3qp2/4p3/1nP5/2RP1N2/PP2QPPP/4R1K1 w - - 1 18
343,-4.33,"(82.9, 258.2)",[],3r1rk1/1p1b2pp/p3qp2/4p3/1nP5/2RP1N2/PP2QPPP/4R1K1 w - - 1 18
344,-4.33,"(82.9, 258.2)",[],3r1rk1/1p1b2pp/p3qp2/4p3/1nP5/2RP1N2/PP2QPPP/4R1K1 w - - 1 18
345,-4.33,"(82.9, 258.2)",[],3r1rk1/1p1b2pp/p3qp2/4p3/1nP5/2RP1N2/PP2QPPP/4R1K1 w - - 1 18
346,-4.33,"(82.9, 258.2)",[],3r1rk1/1p1b2pp/p3qp2/4p3/1nP5/2RP1N2/PP2QPPP/4R1K1 w - - 1 18
347,-4.33,"(82.9, 258.2)",[],3r1rk1/1p1b2pp/p3qp2/4p3/1nP5/2RP1N2/PP2QPPP/4R1K1 w - - 1 18
348,-7.17,"(89.4, 258.2)",['c3a3'],3r1rk1/1p1b2pp/p3qp2/4p3/1nP5/R2P1N2/PP2QPPP/4R1K1 b - - 2 18
349,-7.17,"(89.4, 258.2)",[],3r1rk1/1p1b2pp/p3qp2/4p3/1nP5/R2P1N2/PP2QPPP/4R1K1 b - - 2 18
350,-7.17,"(89.4, 258.2)",[],3r1rk1/1p1b2pp/p3qp2/4p3/1nP5/R2P1N2/PP2QPPP/4R1K1 b - - 2 18
351,-7.17,"(89.4, 258.2)",[],3r1rk1/1p1b2pp/p3qp2/4p3/1nP5/R2P1N2/PP2QPPP/4R1K1 b - - 2 18
352,-7.17,"(89.4, 258.2)",[],3r1rk1/1p1b2pp/p3qp2/4p3/1nP5/R2P1N2/PP2QPPP/4R1K1 b - - 2 18
353,-7.17,"(89.4, 258.2)",[],3r1rk1/1p1b2pp/p3qp2/4p3/1nP5/R2P1N2/PP2QPPP/4R1K1 b - - 2 18
354,-7.17,"(89.4, 258.2)",[],3r1rk1/1p1b2pp/p3qp2/4p3/1nP5/R2P1N2/PP2QPPP/4R1K1 b - - 2 18
355,-7.17,"(89.4, 258.2)",[],3r1rk1/1p1b2pp/p3qp2/4p3/1nP5/R2P1N2/PP2QPPP/4R1K1 b - - 2 18
356,-7.17,"(89.4, 258.2)",[],3r1rk1/1p1b2pp/p3qp2/4p3/1nP5/R2P1N2/PP2QPPP/4R1K1 b - - 2 18
357,-7.17,"(89.4, 258.2)",[],3r1rk1/1p1b2pp/p3qp2/4p3/1nP5/R2P1N2/PP2QPPP/4R1K1 b - - 2 18
358,-7.17,"(89.4, 258.2)",[],3r1rk1/1p1b2pp/p3qp2/4p3/1nP5/R2P1N2/PP2QPPP/4R1K1 b - - 2 18
359,-7.17,"(89.4, 258.2)",[],3r1rk1/1p1b2pp/p3qp2/4p3/1nP5/R2P1N2/PP2QPPP/4R1K1 b - - 2 18
360,-7.17,"(89.4, 258.2)",[],3r1rk1/1p1b2pp/p3qp2/4p3/1nP5/R2P1N2/PP2QPPP/4R1K1 b - - 2 18
361,-7.17,"(89.4, 258.2)",[],3r1rk1/1p1b2pp/p3qp2/4p3/1nP5/R2P1N2/PP2QPPP/4R1K1 b - - 2 18
362,-7.17,"(89.4, 258.2)",[],3r1rk1/1p1b2pp/p3qp2/4p3/1nP5/R2P1N2/PP2QPPP/4R1K1 b - - 2 18
363,-7.17,"(89.4, 258.2)",[],3r1rk1/1p1b2pp/p3qp2/4p3/1nP5/R2P1N2/PP2QPPP/4R1K1 b - - 2 18
364,-7.17,"(89.4, 258.2)",[],3r1rk1/1p1b2pp/p3qp2/4p3/1nP5/R2P1N2/PP2QPPP/4R1K1 b - - 2 18
365,-7.17,"(89.4, 258.2)",[],3r1rk1/1p1b2pp/p3qp2/4p3/1nP5/R2P1N2/PP2QPPP/4R1K1 b - - 2 18
366,-7.17,"(89.4, 258.2)",[],3r1rk1/1p1b2pp/p3qp2/4p3/1nP5/R2P1N2/PP2QPPP/4R1K1 b - - 2 18
367,-7.17,"(89.4, 258.2)",[],3r1rk1/1p1b2pp/p3qp2/4p3/1nP5/R2P1N2/PP2QPPP/4R1K1 b - - 2 18
368,-7.17,"(89.4, 258.2)",[],3r1rk1/1p1b2pp/p3qp2/4p3/1nP5/R2P1N2/PP2QPPP/4R1K1 b - - 2 18
369,-7.17,"(89.4, 258.2)",[],3r1rk1/1p1b2pp/p3qp2/4p3/1nP5/R2P1N2/PP2QPPP/4R1K1 b - - 2 18
370,-7.17,"(89.4, 258.2)",[],3r1rk1/1p1b2pp/p3qp2/4p3/1nP5/R2P1N2/PP2QPPP/4R1K1 b - - 2 18
371,-7.17,"(89.4, 258.2)",[],3r1rk1/1p1b2pp/p3qp2/4p3/1nP5/R2P1N2/PP2QPPP/4R1K1 b - - 2 18
372,-7.17,"(89.4, 258.2)",[],3r1rk1/1p1b2pp/p3qp2/4p3/1nP5/R2P1N2/PP2QPPP/4R1K1 b - - 2 18
373,-7.17,"(89.4, 258.2)",[],3r1rk1/1p1b2pp/p3qp2/4p3/1nP5/R2P1N2/PP2QPPP/4R1K1 b - - 2 18
374,-7.17,"(89.4, 258.2)",[],3r1rk1/1p1b2pp/p3qp2/4p3/1nP5/R2P1N2/PP2QPPP/4R1K1 b - - 2 18
375,-7.17,"(89.4, 258.2)",[],3r1rk1/1p1b2pp/p3qp2/4p3/1nP5/R2P1N2/PP2QPPP/4R1K1 b - - 2 18
376,-7.17,"(89.4, 258.2)",[],3r1rk1/1p1b2pp/p3qp2/4p3/1nP5/R2P1N2/PP2QPPP/4R1K1 b - - 2 18
377,-7.17,"(89.4, 258.2)",[],3r1rk1/1p1b2pp/p3qp2/4p3/1nP5/R2P1N2/PP2QPPP/4R1K1 b - - 2 18
378,-7.17,"(89.4, 258.2)",[],3r1rk1/1p1b2pp/p3qp2/4p3/1nP5/R2P1N2/PP2QPPP/4R1K1 b - - 2 18
379,-7.17,"(89.4, 258.2)",[],3r1rk1/1p1b2pp/p3qp2/4p3/1nP5/R2P1N2/PP2QPPP/4R1K1 b - - 2 18
380,-6.54,"(89.4, 289.8)",['f8e8'],3rr1k1/1p1b2pp/p3qp2/4p3/1nP5/R2P1N2/PP2QPPP/4R1K1 w - - 3 19
381,-6.54,"(89.4, 289.8)",[],3rr1k1/1p1b2pp/p3qp2/4p3/1nP5/R2P1N2/PP2QPPP/4R1K1 w - - 3 19
382,-6.54,"(89.4, 289.8)",[],3rr1k1/1p1b2pp/p3qp2/4p3/1nP5/R2P1N2/PP2QPPP/4R1K1 w - - 3 19
383,-6.54,"(89.4, 289.8)",[],3rr1k1/1p1b2pp/p3qp2/4p3/1nP5/R2P1N2/PP2QPPP/4R1K1 w - - 3 19
384,-6.54,"(89.4, 289.8)",[],3rr1k1/1p1b2pp/p3qp2/4p3/1nP5/R2P1N2/PP2QPPP/4R1K1 w - - 3 19
385,-6.54,"(89.4, 289.8)",[],3rr1k1/1p1b2pp/p3qp2/4p3/1nP5/R2P1N2/PP2QPPP/4R1K1 w - - 3 19
386,-7.87,"(95.6, 289.8)",['a3a5'],3rr1k1/1p1b2pp/p3qp2/R3p3/1nP5/3P1N2/PP2QPPP/4R1K1 b - - 4 19
387,-7.87,"(95.6, 289.8)",[],3rr1k1/1p1b2pp/p3qp2/R3p3/1nP5/3P1N2/PP2QPPP/4R1K1 b - - 4 19
388,-7.87,"(95.6, 289.8)",[],3rr1k1/1p1b2pp/p3qp2/R3p3/1nP5/3P1N2/PP2QPPP/4R1K1 b - - 4 19
389,-7.87,"(95.6, 289.8)",[],3rr1k1/1p1b2pp/p3qp2/R3p3/1nP5/3P1N2/PP2QPPP/4R1K1 b - - 4 19
390,-7.87,"(95.6, 289.8)",[],3rr1k1/1p1b2pp/p3qp2/R3p3/1nP5/3P1N2/PP2QPPP/4R1K1 b - - 4 19
391,-7.87,"(95.6, 289.8)",[],3rr1k1/1p1b2pp/p3qp2/R3p3/1nP5/3P1N2/PP2QPPP/4R1K1 b - - 4 19
392,-7.87,"(95.6, 289.8)",[],3rr1k1/1p1b2pp/p3qp2/R3p3/1nP5/3P1N2/PP2QPPP/4R1K1 b - - 4 19
393,-7.87,"(95.6, 289.8)",[],3rr1k1/1p1b2pp/p3qp2/R3p3/1nP5/3P1N2/PP2QPPP/4R1K1 b - - 4 19
394,-7.87,"(95.6, 289.8)",[],3rr1k1/1p1b2pp/p3qp2/R3p3/1nP5/3P1N2/PP2QPPP/4R1K1 b - - 4 19
395,-7.87,"(95.6, 289.8)",[],3rr1k1/1p1b2pp/p3qp2/R3p3/1nP5/3P1N2/PP2QPPP/4R1K1 b - - 4 19
396,-7.87,"(95.6, 289.8)",[],3rr1k1/1p1b2pp/p3qp2/R3p3/1nP5/3P1N2/PP2QPPP/4R1K1 b - - 4 19
397,-7.87,"(95.6, 289.8)",[],3rr1k1/1p1b2pp/p3qp2/R3p3/1nP5/3P1N2/PP2QPPP/4R1K1 b - - 4 19
398,-7.87,"(95.6, 289.8)",[],3rr1k1/1p1b2pp/p3qp2/R3p3/1nP5/3P1N2/PP2QPPP/4R1K1 b - - 4 19
399,-7.87,"(95.6, 289.8)",[],3rr1k1/1p1b2pp/p3qp2/R3p3/1nP5/3P1N2/PP2QPPP/4R1K1 b - - 4 19
400,-7.87,"(95.6, 289.8)",[],3rr1k1/1p1b2pp/p3qp2/R3p3/1nP5/3P1N2/PP2QPPP/4R1K1 b - - 4 19
401,-7.87,"(95.6, 289.8)",[],3rr1k1/1p1b2pp/p3qp2/R3p3/1nP5/3P1N2/PP2QPPP/4R1K1 b - - 4 19
402,-7.87,"(95.6, 289.8)",[],3rr1k1/1p1b2pp/p3qp2/R3p3/1nP5/3P1N2/PP2QPPP/4R1K1 b - - 4 19
403,-7.87,"(95.6, 289.8)",[],3rr1k1/1p1b2pp/p3qp2/R3p3/1nP5/3P1N2/PP2QPPP/4R1K1 b - - 4 19
404,-7.87,"(95.6, 289.8)",[],3rr1k1/1p1b2pp/p3qp2/R3p3/1nP5/3P1N2/PP2QPPP/4R1K1 b - - 4 19
405,-7.87,"(95.6, 289.8)",[],3rr1k1/1p1b2pp/p3qp2/R3p3/1nP5/3P1N2/PP2QPPP/4R1K1 b - - 4 19
406,-7.87,"(95.6, 289.8)",[],3rr1k1/1p1b2pp/p3qp2/R3p3/1nP5/3P1N2/PP2QPPP/4R1K1 b - - 4 19
407,-7.87,"(95.6, 289.8)",[],3rr1k1/1p1b2pp/p3qp2/R3p3/1nP5/3P1N2/PP2QPPP/4R1K1 b - - 4 19
408,-7.87,"(95.6, 289.8)",[],3rr1k1/1p1b2pp/p3qp2/R3p3/1nP5/3P1N2/PP2QPPP/4R1K1 b - - 4 19
409,-7.87,"(95.6, 289.8)",[],3rr1k1/1p1b2pp/p3qp2/R3p3/1nP5/3P1N2/PP2QPPP/4R1K1 b - - 4 19
410,-7.87,"(95.6, 289.8)",[],3rr1k1/1p1b2pp/p3qp2/R3p3/1nP5/3P1N2/PP2QPPP/4R1K1 b - - 4 19
411,-7.87,"(95.6, 289.8)",[],3rr1k1/1p1b2pp/p3qp2/R3p3/1nP5/3P1N2/PP2QPPP/4R1K1 b - - 4 19
412,-7.87,"(95.6, 289.8)",[],3rr1k1/1p1b2pp/p3qp2/R3p3/1nP5/3P1N2/PP2QPPP/4R1K1 b - - 4 19
413,-7.87,"(95.6, 289.8)",[],3rr1k1/1p1b2pp/p3qp2/R3p3/1nP5/3P1N2/PP2QPPP/4R1K1 b - - 4 19
414,-7.87,"(95.6, 289.8)",[],3rr1k1/1p1b2pp/p3qp2/R3p3/1nP5/3P1N2/PP2QPPP/4R1K1 b - - 4 19
415,-7.87,"(95.6, 289.8)",[],3rr1k1/1p1b2pp/p3qp2/R3p3/1nP5/3P1N2/PP2QPPP/4R1K1 b - - 4 19
416,-7.98,"(95.6, 320.3)",['b4c6'],3rr1k1/1p1b2pp/p1n1qp2/R3p3/2P5/3P1N2/PP2QPPP/4R1K1 w - - 5 20
417,-7.98,"(95.6, 320.3)",[],3rr1k1/1p1b2pp/p1n1qp2/R3p3/2P5/3P1N2/PP2QPPP/4R1K1 w - - 5 20
418,-7.98,"(95.6, 320.3)",[],3rr1k1/1p1b2pp/p1n1qp2/R3p3/2P5/3P1N2/PP2QPPP/4R1K1 w - - 5 20
419,-10.44,"(98.3, 320.3)",['f3e5'],3rr1k1/1p1b2pp/p1n1qp2/R3N3/2P5/3P4/PP2QPPP/4R1K1 b - - 0 20
420,-10.44,"(98.3, 320.3)",[],3rr1k1/1p1b2pp/p1n1qp2/R3N3/2P5/3P4/PP2QPPP/4R1K1 b - - 0 20
421,-10.44,"(98.3, 320.3)",[],3rr1k1/1p1b2pp/p1n1qp2/R3N3/2P5/3P4/PP2QPPP/4R1K1 b - - 0 20
422,-10.44,"(98.3, 320.3)",[],3rr1k1/1p1b2pp/p1n1qp2/R3N3/2P5/3P4/PP2QPPP/4R1K1 b - - 0 20
423,-10.44,"(98.3, 320.3)",[],3rr1k1/1p1b2pp/p1n1qp2/R3N3/2P5/3P4/PP2QPPP/4R1K1 b - - 0 20
424,-10.44,"(98.3, 320.3)",[],3rr1k1/1p1b2pp/p1n1qp2/R3N3/2P5/3P4/PP2QPPP/4R1K1 b - - 0 20
425,-10.44,"(98.3, 320.3)",[],3rr1k1/1p1b2pp/p1n1qp2/R3N3/2P5/3P4/PP2QPPP/4R1K1 b - - 0 20
426,-10.44,"(98.3, 320.3)",[],3rr1k1/1p1b2pp/p1n1qp2/R3N3/2P5/3P4/PP2QPPP/4R1K1 b - - 0 20
427,-10.44,"(98.3, 320.3)",[],3rr1k1/1p1b2pp/p1n1qp2/R3N3/2P5/3P4/PP2QPPP/4R1K1 b - - 0 20
428,-10.44,"(98.3, 320.3)",[],3rr1k1/1p1b2pp/p1n1qp2/R3N3/2P5/3P4/PP2QPPP/4R1K1 b - - 0 20
429,-10.44,"(98.3, 320.3)",[],3rr1k1/1p1b2pp/p1n1qp2/R3N3/2P5/3P4/PP2QPPP/4R1K1 b - - 0 20
430,-10.44,"(98.3, 320.3)",[],3rr1k1/1p1b2pp/p1n1qp2/R3N3/2P5/3P4/PP2QPPP/4R1K1 b - - 0 20
431,-10.44,"(98.3, 320.3)",[],3rr1k1/1p1b2pp/p1n1qp2/R3N3/2P5/3P4/PP2QPPP/4R1K1 b - - 0 20
432,-10.8,"(98.3, 333.1)",['c6a5'],3rr1k1/1p1b2pp/p3qp2/n3N3/2P5/3P4/PP2QPPP/4R1K1 w - - 0 21
433,-10.8,"(98.3, 333.1)",[],3rr1k1/1p1b2pp/p3qp2/n3N3/2P5/3P4/PP2QPPP/4R1K1 w - - 0 21
434,-10.8,"(98.3, 333.1)",[],3rr1k1/1p1b2pp/p3qp2/n3N3/2P5/3P4/PP2QPPP/4R1K1 w - - 0 21
435,-10.8,"(98.3, 333.1)",[],3rr1k1/1p1b2pp/p3qp2/n3N3/2P5/3P4/PP2QPPP/4R1K1 w - - 0 21
436,-10.8,"(98.3, 333.1)",[],3rr1k1/1p1b2pp/p3qp2/n3N3/2P5/3P4/PP2QPPP/4R1K1 w - - 0 21
437,-10.8,"(98.3, 333.1)",[],3rr1k1/1p1b2pp/p3qp2/n3N3/2P5/3P4/PP2QPPP/4R1K1 w - - 0 21
438,-15.94,"(104.6, 333.1)",['e5d7'],3rr1k1/1p1N2pp/p3qp2/n7/2P5/3P4/PP2QPPP/4R1K1 b - - 0 21
439,-15.94,"(104.6, 333.1)",[],3rr1k1/1p1N2pp/p3qp2/n7/2P5/3P4/PP2QPPP/4R1K1 b - - 0 21
440,-15.94,"(104.6, 333.1)",[],3rr1k1/1p1N2pp/p3qp2/n7/2P5/3P4/PP2QPPP/4R1K1 b - - 0 21
441,-15.94,"(104.6, 333.1)",[],3rr1k1/1p1N2pp/p3qp2/n7/2P5/3P4/PP2QPPP/4R1K1 b - - 0 21
442,-10.23,"(104.6, 336.9)",['e6d7'],3rr1k1/1p1q2pp/p4p2/n7/2P5/3P4/PP2QPPP/4R1K1 w - - 0 22
443,-10.23,"(104.6, 336.9)",[],3rr1k1/1p1q2pp/p4p2/n7/2P5/3P4/PP2QPPP/4R1K1 w - - 0 22
444,-10.23,"(104.6, 336.9)",[],3rr1k1/1p1q2pp/p4p2/n7/2P5/3P4/PP2QPPP/4R1K1 w - - 0 22
445,-10.23,"(104.6, 336.9)",[],3rr1k1/1p1q2pp/p4p2/n7/2P5/3P4/PP2QPPP/4R1K1 w - - 0 22
446,-10.23,"(104.6, 336.9)",[],3rr1k1/1p1q2pp/p4p2/n7/2P5/3P4/PP2QPPP/4R1K1 w - - 0 22
447,-10.23,"(104.6, 336.9)",[],3rr1k1/1p1q2pp/p4p2/n7/2P5/3P4/PP2QPPP/4R1K1 w - - 0 22
448,-10.23,"(104.6, 336.9)",[],3rr1k1/1p1q2pp/p4p2/n7/2P5/3P4/PP2QPPP/4R1K1 w - - 0 22
449,-10.23,"(104.6, 336.9)",[],3rr1k1/1p1q2pp/p4p2/n7/2P5/3P4/PP2QPPP/4R1K1 w - - 0 22
450,-10.23,"(104.6, 336.9)",[],3rr1k1/1p1q2pp/p4p2/n7/2P5/3P4/PP2QPPP/4R1K1 w - - 0 22
451,-10.23,"(104.6, 336.9)",[],3rr1k1/1p1q2pp/p4p2/n7/2P5/3P4/PP2QPPP/4R1K1 w - - 0 22
452,-10.23,"(104.6, 336.9)",[],3rr1k1/1p1q2pp/p4p2/n7/2P5/3P4/PP2QPPP/4R1K1 w - - 0 22
453,-10.23,"(104.6, 336.9)",[],3rr1k1/1p1q2pp/p4p2/n7/2P5/3P4/PP2QPPP/4R1K1 w - - 0 22
454,-10.23,"(104.6, 336.9)",[],3rr1k1/1p1q2pp/p4p2/n7/2P5/3P4/PP2QPPP/4R1K1 w - - 0 22
455,-10.23,"(104.6, 336.9)",[],3rr1k1/1p1q2pp/p4p2/n7/2P5/3P4/PP2QPPP/4R1K1 w - - 0 22
456,-10.23,"(104.6, 336.9)",[],3rr1k1/1p1q2pp/p4p2/n7/2P5/3P4/PP2QPPP/4R1K1 w - - 0 22
457,-10.23,"(104.6, 336.9)",[],3rr1k1/1p1q2pp/p4p2/n7/2P5/3P4/PP2QPPP/4R1K1 w - - 0 22
458,-10.23,"(104.6, 336.9)",[],3rr1k1/1p1q2pp/p4p2/n7/2P5/3P4/PP2QPPP/4R1K1 w - - 0 22
459,-10.23,"(104.6, 336.9)",[],3rr1k1/1p1q2pp/p4p2/n7/2P5/3P4/PP2QPPP/4R1K1 w - - 0 22
460,-10.23,"(104.6, 336.9)",[],3rr1k1/1p1q2pp/p4p2/n7/2P5/3P4/PP2QPPP/4R1K1 w - - 0 22
461,-10.23,"(104.6, 336.9)",[],3rr1k1/1p1q2pp/p4p2/n7/2P5/3P4/PP2QPPP/4R1K1 w - - 0 22
462,-10.23,"(104.6, 336.9)",[],3rr1k1/1p1q2pp/p4p2/n7/2P5/3P4/PP2QPPP/4R1K1 w - - 0 22
463,-10.23,"(104.6, 336.9)",[],3rr1k1/1p1q2pp/p4p2/n7/2P5/3P4/PP2QPPP/4R1K1 w - - 0 22
464,-11.24,"(126.8, 336.9)",['e2d1'],3rr1k1/1p1q2pp/p4p2/n7/2P5/3P4/PP3PPP/3QR1K1 b - - 1 22
465,-11.24,"(126.8, 336.9)",[],3rr1k1/1p1q2pp/p4p2/n7/2P5/3P4/PP3PPP/3QR1K1 b - - 1 22
466,-11.24,"(126.8, 336.9)",[],3rr1k1/1p1q2pp/p4p2/n7/2P5/3P4/PP3PPP/3QR1K1 b - - 1 22
467,-11.24,"(126.8, 336.9)",[],3rr1k1/1p1q2pp/p4p2/n7/2P5/3P4/PP3PPP/3QR1K1 b - - 1 22
468,-11.24,"(126.8, 336.9)",[],3rr1k1/1p1q2pp/p4p2/n7/2P5/3P4/PP3PPP/3QR1K1 b - - 1 22
469,-11.24,"(126.8, 336.9)",[],3rr1k1/1p1q2pp/p4p2/n7/2P5/3P4/PP3PPP/3QR1K1 b - - 1 22
470,-11.24,"(126.8, 336.9)",[],3rr1k1/1p1q2pp/p4p2/n7/2P5/3P4/PP3PPP/3QR1K1 b - - 1 22
471,-11.24,"(126.8, 336.9)",[],3rr1k1/1p1q2pp/p4p2/n7/2P5/3P4/PP3PPP/3QR1K1 b - - 1 22
472,-11.24,"(126.8, 336.9)",[],3rr1k1/1p1q2pp/p4p2/n7/2P5/3P4/PP3PPP/3QR1K1 b - - 1 22
473,-11.24,"(126.8, 336.9)",[],3rr1k1/1p1q2pp/p4p2/n7/2P5/3P4/PP3PPP/3QR1K1 b - - 1 22
474,-11.24,"(126.8, 336.9)",[],3rr1k1/1p1q2pp/p4p2/n7/2P5/3P4/PP3PPP/3QR1K1 b - - 1 22
475,-11.24,"(126.8, 336.9)",[],3rr1k1/1p1q2pp/p4p2/n7/2P5/3P4/PP3PPP/3QR1K1 b - - 1 22
476,-11.24,"(126.8, 336.9)",[],3rr1k1/1p1q2pp/p4p2/n7/2P5/3P4/PP3PPP/3QR1K1 b - - 1 22
477,-11.24,"(126.8, 336.9)",[],3rr1k1/1p1q2pp/p4p2/n7/2P5/3P4/PP3PPP/3QR1K1 b - - 1 22
478,-7.05,"(126.8, 350.4)",['d7d3'],3rr1k1/1p4pp/p4p2/n7/2P5/3q4/PP3PPP/3QR1K1 w - - 0 23
479,-7.05,"(126.8, 350.4)",[],3rr1k1/1p4pp/p4p2/n7/2P5/3q4/PP3PPP/3QR1K1 w - - 0 23
480,-7.05,"(126.8, 350.4)",[],3rr1k1/1p4pp/p4p2/n7/2P5/3q4/PP3PPP/3QR1K1 w - - 0 23
481,-7.05,"(126.8, 350.4)",[],3rr1k1/1p4pp/p4p2/n7/2P5/3q4/PP3PPP/3QR1K1 w - - 0 23
482,-7.05,"(126.8, 350.4)",[],3rr1k1/1p4pp/p4p2/n7/2P5/3q4/PP3PPP/3QR1K1 w - - 0 23
483,-19.12,"(132.4, 350.4)",['d1d3'],3rr1k1/1p4pp/p4p2/n7/2P5/3Q4/PP3PPP/4R1K1 b - - 0 23
484,-19.12,"(132.4, 350.4)",[],3rr1k1/1p4pp/p4p2/n7/2P5/3Q4/PP3PPP/4R1K1 b - - 0 23
485,-19.12,"(132.4, 350.4)",[],3rr1k1/1p4pp/p4p2/n7/2P5/3Q4/PP3PPP/4R1K1 b - - 0 23
486,-19.12,"(132.4, 350.4)",[],3rr1k1/1p4pp/p4p2/n7/2P5/3Q4/PP3PPP/4R1K1 b - - 0 23
487,-19.12,"(132.4, 350.4)",[],3rr1k1/1p4pp/p4p2/n7/2P5/3Q4/PP3PPP/4R1K1 b - - 0 23
488,-19.12,"(132.4, 350.4)",[],3rr1k1/1p4pp/p4p2/n7/2P5/3Q4/PP3PPP/4R1K1 b - - 0 23
489,-19.12,"(132.4, 350.4)",[],3rr1k1/1p4pp/p4p2/n7/2P5/3Q4/PP3PPP/4R1K1 b - - 0 23
490,-19.12,"(132.4, 350.4)",[],3rr1k1/1p4pp/p4p2/n7/2P5/3Q4/PP3PPP/4R1K1 b - - 0 23
491,-19.12,"(132.4, 350.4)",[],3rr1k1/1p4pp/p4p2/n7/2P5/3Q4/PP3PPP/4R1K1 b - - 0 23
492,-19.12,"(132.4, 350.4)",[],3rr1k1/1p4pp/p4p2/n7/2P5/3Q4/PP3PPP/4R1K1 b - - 0 23
493,-19.12,"(132.4, 350.4)",[],3rr1k1/1p4pp/p4p2/n7/2P5/3Q4/PP3PPP/4R1K1 b - - 0 23
494,-19.12,"(132.4, 350.4)",[],3rr1k1/1p4pp/p4p2/n7/2P5/3Q4/PP3PPP/4R1K1 b - - 0 23
495,-19.87,"(132.4, 362.6)",['e8e1'],3r2k1/1p4pp/p4p2/n7/2P5/3Q4/PP3PPP/4r1K1 w - - 0 24
496,-19.87,"(132.4, 362.6)",[],3r2k1/1p4pp/p4p2/n7/2P5/3Q4/PP3PPP/4r1K1 w - - 0 24
497,-19.87,"(132.4, 362.6)",[],3r2k1/1p4pp/p4p2/n7/2P5/3Q4/PP3PPP/4r1K1 w - - 0 24
498,-19.87,"(132.4, 362.6)",[],3r2k1/1p4pp/p4p2/n7/2P5/3Q4/PP3PPP/4r1K1 w - - 0 24
499,-19.87,"(132.4, 362.6)",[],3r2k1/1p4pp/p4p2/n7/2P5/3Q4/PP3PPP/4r1K1 w - - 0 24
500,-19.87,"(132.4, 362.6)",[],3r2k1/1p4pp/p4p2/n7/2P5/3Q4/PP3PPP/4r1K1 w - - 0 24
501,-19.87,"(132.4, 362.6)",[],3r2k1/1p4pp/p4p2/n7/2P5/3Q4/PP3PPP/4r1K1 w - - 0 24
502,-19.9,"(139.3, 362.6)",['d3f1'],3r2k1/1p4pp/p4p2/n7/2P5/8/PP3PPP/4rQK1 b - - 1 24
503,-19.9,"(139.3, 362.6)",[],3r2k1/1p4pp/p4p2/n7/2P5/8/PP3PPP/4rQK1 b - - 1 24
504,-12.09,"(139.3, 364.2)",['e1f1'],3r2k1/1p4pp/p4p2/n7/2P5/8/PP3PPP/5rK1 w - - 0 25
505,-12.06,"(140.4, 364.2)",['g1f1'],3r2k1/1p4pp/p4p2/n7/2P5/8/PP3PPP/5K2 b - - 0 25
506,-12.06,"(140.4, 364.2)",[],3r2k1/1p4pp/p4p2/n7/2P5/8/PP3PPP/5K2 b - - 0 25
507,-12.06,"(140.4, 364.2)",[],3r2k1/1p4pp/p4p2/n7/2P5/8/PP3PPP/5K2 b - - 0 25
508,-12.06,"(140.4, 364.2)",[],3r2k1/1p4pp/p4p2/n7/2P5/8/PP3PPP/5K2 b - - 0 25
509,-12.06,"(140.4, 364.2)",[],3r2k1/1p4pp/p4p2/n7/2P5/8/PP3PPP/5K2 b - - 0 25
510,-12.06,"(140.4, 364.2)",[],3r2k1/1p4pp/p4p2/n7/2P5/8/PP3PPP/5K2 b - - 0 25
511,-12.06,"(140.4, 364.2)",[],3r2k1/1p4pp/p4p2/n7/2P5/8/PP3PPP/5K2 b - - 0 25
512,-12.06,"(140.4, 364.2)",[],3r2k1/1p4pp/p4p2/n7/2P5/8/PP3PPP/5K2 b - - 0 25
513,-12.06,"(140.4, 364.2)",[],3r2k1/1p4pp/p4p2/n7/2P5/8/PP3PPP/5K2 b - - 0 25
514,-11.87,"(140.4, 373.0)",['a5c4'],3r2k1/1p4pp/p4p2/8/2n5/8/PP3PPP/5K2 w - - 0 26
515,-14.07,"(141.8, 373.0)",['b2b4'],3r2k1/1p4pp/p4p2/8/1Pn5/8/P4PPP/5K2 b - - 0 26
516,-14.07,"(141.8, 373.0)",[],3r2k1/1p4pp/p4p2/8/1Pn5/8/P4PPP/5K2 b - - 0 26
517,-14.07,"(141.8, 373.0)",[],3r2k1/1p4pp/p4p2/8/1Pn5/8/P4PPP/5K2 b - - 0 26
518,-14.07,"(141.8, 373.0)",[],3r2k1/1p4pp/p4p2/8/1Pn5/8/P4PPP/5K2 b - - 0 26
519,-14.07,"(141.8, 373.0)",[],3r2k1/1p4pp/p4p2/8/1Pn5/8/P4PPP/5K2 b - - 0 26
520,-14.07,"(141.8, 373.0)",[],3r2k1/1p4pp/p4p2/8/1Pn5/8/P4PPP/5K2 b - - 0 26
521,-14.07,"(141.8, 373.0)",[],3r2k1/1p4pp/p4p2/8/1Pn5/8/P4PPP/5K2 b - - 0 26
522,-14.07,"(141.8, 373.0)",[],3r2k1/1p4pp/p4p2/8/1Pn5/8/P4PPP/5K2 b - - 0 26
523,-12.16,"(141.8, 380.6)",['c4d2'],3r2k1/1p4pp/p4p2/8/1P6/8/P2n1PPP/5K2 w - - 1 27
524,-12.16,"(141.8, 380.6)",[],3r2k1/1p4pp/p4p2/8/1P6/8/P2n1PPP/5K2 w - - 1 27
525,-11.87,"(143.5, 380.6)",['f1e2'],3r2k1/1p4pp/p4p2/8/1P6/8/P2nKPPP/8 b - - 2 27
526,-11.87,"(143.5, 380.6)",[],3r2k1/1p4pp/p4p2/8/1P6/8/P2nKPPP/8 b - - 2 27
527,-11.87,"(143.5, 380.6)",[],3r2k1/1p4pp/p4p2/8/1P6/8/P2nKPPP/8 b - - 2 27
528,-11.87,"(143.5, 380.6)",[],3r2k1/1p4pp/p4p2/8/1P6/8/P2nKPPP/8 b - - 2 27
529,-11.87,"(143.5, 380.6)",[],3r2k1/1p4pp/p4p2/8/1P6/8/P2nKPPP/8 b - - 2 27
530,-11.87,"(143.5, 380.6)",[],3r2k1/1p4pp/p4p2/8/1P6/8/P2nKPPP/8 b - - 2 27
531,-11.87,"(143.5, 380.6)",[],3r2k1/1p4pp/p4p2/8/1P6/8/P2nKPPP/8 b - - 2 27
532,-12.43,"(143.5, 388.3)",['b7b5'],3r2k1/6pp/p4p2/1p6/1P6/8/P2nKPPP/8 w - - 0 28
533,-12.43,"(143.5, 388.3)",[],3r2k1/6pp/p4p2/1p6/1P6/8/P2nKPPP/8 w - - 0 28
534,-12.43,"(143.5, 388.3)",[],3r2k1/6pp/p4p2/1p6/1P6/8/P2nKPPP/8 w - - 0 28
535,-12.43,"(143.5, 388.3)",[],3r2k1/6pp/p4p2/1p6/1P6/8/P2nKPPP/8 w - - 0 28
536,-12.43,"(143.5, 388.3)",[],3r2k1/6pp/p4p2/1p6/1P6/8/P2nKPPP/8 w - - 0 28
537,-12.43,"(143.5, 388.3)",[],3r2k1/6pp/p4p2/1p6/1P6/8/P2nKPPP/8 w - - 0 28
538,-12.43,"(143.5, 388.3)",[],3r2k1/6pp/p4p2/1p6/1P6/8/P2nKPPP/8 w - - 0 28
539,-12.43,"(143.5, 388.3)",[],3r2k1/6pp/p4p2/1p6/1P6/8/P2nKPPP/8 w - - 0 28
540,-12.43,"(143.5, 388.3)",[],3r2k1/6pp/p4p2/1p6/1P6/8/P2nKPPP/8 w - - 0 28
541,-12.43,"(143.5, 388.3)",[],3r2k1/6pp/p4p2/1p6/1P6/8/P2nKPPP/8 w - - 0 28
542,-12.43,"(143.5, 388.3)",[],3r2k1/6pp/p4p2/1p6/1P6/8/P2nKPPP/8 w - - 0 28
543,-14.85,"(154.6, 388.3)",['a2a3'],3r2k1/6pp/p4p2/1p6/1P6/P7/3nKPPP/8 b - - 0 28
544,-14.85,"(154.6, 388.3)",[],3r2k1/6pp/p4p2/1p6/1P6/P7/3nKPPP/8 b - - 0 28
545,-14.85,"(154.6, 388.3)",[],3r2k1/6pp/p4p2/1p6/1P6/P7/3nKPPP/8 b - - 0 28
546,-14.85,"(154.6, 388.3)",[],3r2k1/6pp/p4p2/1p6/1P6/P7/3nKPPP/8 b - - 0 28
547,-14.85,"(154.6, 388.3)",[],3r2k1/6pp/p4p2/1p6/1P6/P7/3nKPPP/8 b - - 0 28
548,-14.85,"(154.6, 388.3)",[],3r2k1/6pp/p4p2/1p6/1P6/P7/3nKPPP/8 b - - 0 28
549,-14.85,"(154.6, 388.3)",[],3r2k1/6pp/p4p2/1p6/1P6/P7/3nKPPP/8 b - - 0 28
550,-14.85,"(154.6, 388.3)",[],3r2k1/6pp/p4p2/1p6/1P6/P7/3nKPPP/8 b - - 0 28
551,-15.49,"(154.6, 396.2)",['d2b1'],3r2k1/6pp/p4p2/1p6/1P6/P7/4KPPP/1n6 w - - 1 29
552,-15.49,"(154.6, 396.2)",[],3r2k1/6pp/p4p2/1p6/1P6/P7/4KPPP/1n6 w - - 1 29
553,-15.49,"(154.6, 396.2)",[],3r2k1/6pp/p4p2/1p6/1P6/P7/4KPPP/1n6 w - - 1 29
554,-15.49,"(154.6, 396.2)",[],3r2k1/6pp/p4p2/1p6/1P6/P7/4KPPP/1n6 w - - 1 29
555,-15.49,"(154.6, 396.2)",[],3r2k1/6pp/p4p2/1p6/1P6/P7/4KPPP/1n6 w - - 1 29
556,-15.49,"(154.6, 396.2)",[],3r2k1/6pp/p4p2/1p6/1P6/P7/4KPPP/1n6 w - - 1 29
557,-15.49,"(154.6, 396.2)",[],3r2k1/6pp/p4p2/1p6/1P6/P7/4KPPP/1n6 w - - 1 29
558,-15.49,"(154.6, 396.2)",[],3r2k1/6pp/p4p2/1p6/1P6/P7/4KPPP/1n6 w - - 1 29
559,-15.49,"(154.6, 396.2)",[],3r2k1/6pp/p4p2/1p6/1P6/P7/4KPPP/1n6 w - - 1 29
560,-15.49,"(154.6, 396.2)",[],3r2k1/6pp/p4p2/1p6/1P6/P7/4KPPP/1n6 w - - 1 29
561,-15.49,"(164.2, 396.2)",['f2f4'],3r2k1/6pp/p4p2/1p6/1P3P2/P7/4K1PP/1n6 b - - 0 29
562,-15.49,"(164.2, 396.2)",[],3r2k1/6pp/p4p2/1p6/1P3P2/P7/4K1PP/1n6 b - - 0 29
563,-16.41,"(164.2, 398.3)",['b1a3'],3r2k1/6pp/p4p2/1p6/1P3P2/n7/4K1PP/8 w - - 0 30
564,-16.41,"(164.2, 398.3)",[],3r2k1/6pp/p4p2/1p6/1P3P2/n7/4K1PP/8 w - - 0 30
565,-16.41,"(164.2, 398.3)",[],3r2k1/6pp/p4p2/1p6/1P3P2/n7/4K1PP/8 w - - 0 30
566,-17.41,"(166.8, 398.3)",['e2e3'],3r2k1/6pp/p4p2/1p6/1P3P2/n3K3/6PP/8 b - - 1 30
567,-17.41,"(166.8, 398.3)",[],3r2k1/6pp/p4p2/1p6/1P3P2/n3K3/6PP/8 b - - 1 30
568,-17.41,"(166.8, 398.3)",[],3r2k1/6pp/p4p2/1p6/1P3P2/n3K3/6PP/8 b - - 1 30
569,-17.41,"(166.8, 398.3)",[],3r2k1/6pp/p4p2/1p6/1P3P2/n3K3/6PP/8 b - - 1 30
570,-14.55,"(166.8, 402.5)",['a3c4'],3r2k1/6pp/p4p2/1p6/1Pn2P2/4K3/6PP/8 w - - 2 31
571,-14.63,"(168.3, 402.5)",['e3e4'],3r2k1/6pp/p4p2/1p6/1Pn1KP2/8/6PP/8 b - - 3 31
572,-14.63,"(168.3, 402.5)",[],3r2k1/6pp/p4p2/1p6/1Pn1KP2/8/6PP/8 b - - 3 31
573,-14.63,"(168.3, 402.5)",[],3r2k1/6pp/p4p2/1p6/1Pn1KP2/8/6PP/8 b - - 3 31
574,-14.63,"(168.3, 402.5)",[],3r2k1/6pp/p4p2/1p6/1Pn1KP2/8/6PP/8 b - - 3 31
575,-14.63,"(168.3, 402.5)",[],3r2k1/6pp/p4p2/1p6/1Pn1KP2/8/6PP/8 b - - 3 31
576,-14.63,"(168.3, 402.5)",[],3r2k1/6pp/p4p2/1p6/1Pn1KP2/8/6PP/8 b - - 3 31
577,-13.29,"(168.3, 408.4)",['g7g6'],3r2k1/7p/p4pp1/1p6/1Pn1KP2/8/6PP/8 w - - 0 32
578,-14.97,"(169.6, 408.4)",['g2g4'],3r2k1/7p/p4pp1/1p6/1Pn1KPP1/8/7P/8 b - - 0 32
579,-14.97,"(169.6, 408.4)",[],3r2k1/7p/p4pp1/1p6/1Pn1KPP1/8/7P/8 b - - 0 32
580,-14.97,"(169.6, 408.4)",[],3r2k1/7p/p4pp1/1p6/1Pn1KPP1/8/7P/8 b - - 0 32
581,-14.97,"(169.6, 408.4)",[],3r2k1/7p/p4pp1/1p6/1Pn1KPP1/8/7P/8 b - - 0 32
582,-14.97,"(169.6, 408.4)",[],3r2k1/7p/p4pp1/1p6/1Pn1KPP1/8/7P/8 b - - 0 32
583,-14.97,"(169.6, 408.4)",[],3r2k1/7p/p4pp1/1p6/1Pn1KPP1/8/7P/8 b - - 0 32
584,-12.8,"(169.6, 414.1)",['c4d6'],3r2k1/7p/p2n1pp1/1p6/1P2KPP1/8/7P/8 w - - 1 33
585,-12.8,"(169.6, 414.1)",[],3r2k1/7p/p2n1pp1/1p6/1P2KPP1/8/7P/8 w - - 1 33
586,-12.93,"(171.9, 414.1)",['e4f3'],3r2k1/7p/p2n1pp1/1p6/1P3PP1/5K2/7P/8 b - - 2 33
587,-12.93,"(171.9, 414.1)",[],3r2k1/7p/p2n1pp1/1p6/1P3PP1/5K2/7P/8 b - - 2 33
588,-12.93,"(171.9, 414.1)",[],3r2k1/7p/p2n1pp1/1p6/1P3PP1/5K2/7P/8 b - - 2 33
589,-12.93,"(171.9, 414.1)",[],3r2k1/7p/p2n1pp1/1p6/1P3PP1/5K2/7P/8 b - - 2 33
590,-12.93,"(171.9, 414.1)",[],3r2k1/7p/p2n1pp1/1p6/1P3PP1/5K2/7P/8 b - - 2 33
591,-12.93,"(171.9, 414.1)",[],3r2k1/7p/p2n1pp1/1p6/1P3PP1/5K2/7P/8 b - - 2 33
592,-16.06,"(171.9, 420.1)",['d8e8'],4r1k1/7p/p2n1pp1/1p6/1P3PP1/5K2/7P/8 w - - 3 34
593,-16.06,"(171.9, 420.1)",[],4r1k1/7p/p2n1pp1/1p6/1P3PP1/5K2/7P/8 w - - 3 34
594,-17.34,"(173.0, 420.1)",['h2h4'],4r1k1/7p/p2n1pp1/1p6/1P3PPP/5K2/8/8 b - - 0 34
595,-17.34,"(173.0, 420.1)",[],4r1k1/7p/p2n1pp1/1p6/1P3PPP/5K2/8/8 b - - 0 34
596,-14.37,"(173.0, 422.6)",['d6e4'],4r1k1/7p/p4pp1/1p6/1P2nPPP/5K2/8/8 w - - 1 35
597,-14.37,"(173.0, 422.6)",[],4r1k1/7p/p4pp1/1p6/1P2nPPP/5K2/8/8 w - - 1 35
598,-14.37,"(173.0, 422.6)",[],4r1k1/7p/p4pp1/1p6/1P2nPPP/5K2/8/8 w - - 1 35
599,-14.37,"(173.0, 422.6)",[],4r1k1/7p/p4pp1/1p6/1P2nPPP/5K2/8/8 w - - 1 35
600,-14.37,"(173.0, 422.6)",[],4r1k1/7p/p4pp1/1p6/1P2nPPP/5K2/8/8 w - - 1 35
601,-17.91,"(178.1, 422.6)",['h4h5'],4r1k1/7p/p4pp1/1p5P/1P2nPP1/5K2/8/8 b - - 0 35
602,-17.91,"(178.1, 422.6)",[],4r1k1/7p/p4pp1/1p5P/1P2nPP1/5K2/8/8 b - - 0 35
603,-21.05,"(178.1, 424.7)",['g6h5'],4r1k1/7p/p4p2/1p5p/1P2nPP1/5K2/8/8 w - - 0 36
604,-21.28,"(178.9, 424.7)",['g4h5'],4r1k1/7p/p4p2/1p5P/1P2nP2/5K2/8/8 b - - 0 36
605,-21.28,"(178.9, 424.7)",[],4r1k1/7p/p4p2/1p5P/1P2nP2/5K2/8/8 b - - 0 36
606,-57.39,"(178.9, 427.0)",['h7h6'],4r1k1/8/p4p1p/1p5P/1P2nP2/5K2/8/8 w - - 0 37
607,-57.39,"(178.9, 427.0)",[],4r1k1/8/p4p1p/1p5P/1P2nP2/5K2/8/8 w - - 0 37
608,-57.39,"(178.9, 427.0)",[],4r1k1/8/p4p1p/1p5P/1P2nP2/5K2/8/8 w - - 0 37
609,-57.39,"(178.9, 427.0)",[],4r1k1/8/p4p1p/1p5P/1P2nP2/5K2/8/8 w - - 0 37
610,-57.39,"(178.9, 427.0)",[],4r1k1/8/p4p1p/1p5P/1P2nP2/5K2/8/8 w - - 0 37
611,-25.1,"(183.7, 427.0)",['f3g4'],4r1k1/8/p4p1p/1p5P/1P2nPK1/8/8/8 b - - 1 37
612,-25.1,"(183.7, 427.0)",[],4r1k1/8/p4p1p/1p5P/1P2nPK1/8/8/8 b - - 1 37
613,-25.1,"(183.7, 427.0)",[],4r1k1/8/p4p1p/1p5P/1P2nPK1/8/8/8 b - - 1 37
614,-25.1,"(183.7, 427.0)",[],4r1k1/8/p4p1p/1p5P/1P2nPK1/8/8/8 b - - 1 37
615,-25.1,"(183.7, 427.0)",[],4r1k1/8/p4p1p/1p5P/1P2nPK1/8/8/8 b - - 1 37
616,-25.96,"(183.7, 431.6)",['g8f7'],4r3/5k2/p4p1p/1p5P/1P2nPK1/8/8/8 w - - 2 38
617,-57.39,"(185.2, 431.6)",['g4f5'],4r3/5k2/p4p1p/1p3K1P/1P2nP2/8/8/8 b - - 3 38
618,-57.39,"(185.2, 431.6)",[],4r3/5k2/p4p1p/1p3K1P/1P2nP2/8/8/8 b - - 3 38
619,-57.39,"(185.2, 431.6)",[],4r3/5k2/p4p1p/1p3K1P/1P2nP2/8/8/8 b - - 3 38
620,-57.39,"(185.2, 431.6)",[],4r3/5k2/p4p1p/1p3K1P/1P2nP2/8/8/8 b - - 3 38
621,-57.39,"(185.2, 431.6)",[],4r3/5k2/p4p1p/1p3K1P/1P2nP2/8/8/8 b - - 3 38
622,-9.82,"(185.2, 436.4)",['e8e5'],8/5k2/p4p1p/1p2rK1P/1P2nP2/8/8/8 w - - 4 39
623,-9.82,"(185.2, 436.4)",[],8/5k2/p4p1p/1p2rK1P/1P2nP2/8/8/8 w - - 4 39
624,-57.55,"(187.3, 436.4)",['f5g4'],8/5k2/p4p1p/1p2r2P/1P2nPK1/8/8/8 b - - 5 39
625,-57.55,"(187.3, 436.4)",[],8/5k2/p4p1p/1p2r2P/1P2nPK1/8/8/8 b - - 5 39
626,-57.55,"(187.3, 436.4)",[],8/5k2/p4p1p/1p2r2P/1P2nPK1/8/8/8 b - - 5 39
627,-57.55,"(187.3, 436.4)",[],8/5k2/p4p1p/1p2r2P/1P2nPK1/8/8/8 b - - 5 39
628,-57.55,"(187.3, 436.4)",[],8/5k2/p4p1p/1p2r2P/1P2nPK1/8/8/8 b - - 5 39
629,-57.55,"(187.3, 436.4)",[],8/5k2/p4p1p/1p2r2P/1P2nPK1/8/8/8 b - - 5 39
630,-13.39,"(187.3, 442.2)",['e4f2'],8/5k2/p4p1p/1p2r2P/1P3PK1/8/5n2/8 w - - 6 40
631,-13.39,"(187.3, 442.2)",[],8/5k2/p4p1p/1p2r2P/1P3PK1/8/5n2/8 w - - 6 40
632,-13.39,"(187.3, 442.2)",[],8/5k2/p4p1p/1p2r2P/1P3PK1/8/5n2/8 w - - 6 40
633,-13.39,"(187.3, 442.2)",[],8/5k2/p4p1p/1p2r2P/1P3PK1/8/5n2/8 w - - 6 40
634,-13.39,"(187.3, 442.2)",[],8/5k2/p4p1p/1p2r2P/1P3PK1/8/5n2/8 w - - 6 40
635,-13.39,"(187.3, 442.2)",[],8/5k2/p4p1p/1p2r2P/1P3PK1/8/5n2/8 w - - 6 40
636,-15.2,"(193.6, 442.2)",['g4f3'],8/5k2/p4p1p/1p2r2P/1P3P2/5K2/5n2/8 b - - 7 40
637,-15.2,"(193.6, 442.2)",[],8/5k2/p4p1p/1p2r2P/1P3P2/5K2/5n2/8 b - - 7 40
638,-15.2,"(193.6, 442.2)",[],8/5k2/p4p1p/1p2r2P/1P3P2/5K2/5n2/8 b - - 7 40
639,-15.2,"(193.6, 442.2)",[],8/5k2/p4p1p/1p2r2P/1P3P2/5K2/5n2/8 b - - 7 40
640,-15.2,"(193.6, 442.2)",[],8/5k2/p4p1p/1p2r2P/1P3P2/5K2/5n2/8 b - - 7 40
641,-15.2,"(193.6, 442.2)",[],8/5k2/p4p1p/1p2r2P/1P3P2/5K2/5n2/8 b - - 7 40
642,-15.2,"(193.6, 442.2)",[],8/5k2/p4p1p/1p2r2P/1P3P2/5K2/5n2/8 b - - 7 40
643,-15.2,"(193.6, 442.2)",[],8/5k2/p4p1p/1p2r2P/1P3P2/5K2/5n2/8 b - - 7 40
644,-15.2,"(193.6, 442.2)",[],8/5k2/p4p1p/1p2r2P/1P3P2/5K2/5n2/8 b - - 7 40
645,-15.2,"(193.6, 442.2)",[],8/5k2/p4p1p/1p2r2P/1P3P2/5K2/5n2/8 b - - 7 40
646,-11.62,"(193.6, 451.8)",['f2d3'],8/5k2/p4p1p/1p2r2P/1P3P2/3n1K2/8/8 w - - 8 41
647,-11.62,"(193.6, 451.8)",[],8/5k2/p4p1p/1p2r2P/1P3P2/3n1K2/8/8 w - - 8 41
648,-11.62,"(193.6, 451.8)",[],8/5k2/p4p1p/1p2r2P/1P3P2/3n1K2/8/8 w - - 8 41
649,-11.62,"(193.6, 451.8)",[],8/5k2/p4p1p/1p2r2P/1P3P2/3n1K2/8/8 w - - 8 41
650,-11.38,"(198.2, 451.8)",['f4e5'],8/5k2/p4p1p/1p2P2P/1P6/3n1K2/8/8 b - - 0 41
651,-11.38,"(198.2, 451.8)",[],8/5k2/p4p1p/1p2P2P/1P6/3n1K2/8/8 b - - 0 41
652,-11.38,"(198.2, 451.8)",[],8/5k2/p4p1p/1p2P2P/1P6/3n1K2/8/8 b - - 0 41
653,-11.38,"(198.2, 451.8)",[],8/5k2/p4p1p/1p2P2P/1P6/3n1K2/8/8 b - - 0 41
654,-11.38,"(198.2, 451.8)",[],8/5k2/p4p1p/1p2P2P/1P6/3n1K2/8/8 b - - 0 41
655,-11.38,"(198.2, 451.8)",[],8/5k2/p4p1p/1p2P2P/1P6/3n1K2/8/8 b - - 0 41
656,-11.38,"(198.2, 451.8)",[],8/5k2/p4p1p/1p2P2P/1P6/3n1K2/8/8 b - - 0 41
657,-11.38,"(198.2, 451.8)",[],8/5k2/p4p1p/1p2P2P/1P6/3n1K2/8/8 b - - 0 41
658,-11.38,"(198.2, 451.8)",[],8/5k2/p4p1p/1p2P2P/1P6/3n1K2/8/8 b - - 0 41
659,-12.37,"(198.2, 460.6)",['d3e5'],8/5k2/p4p1p/1p2n2P/1P6/5K2/8/8 w - - 0 42
660,-12.37,"(198.2, 460.6)",[],8/5k2/p4p1p/1p2n2P/1P6/5K2/8/8 w - - 0 42
661,-12.39,"(200.2, 460.6)",['f3f4'],8/5k2/p4p1p/1p2n2P/1P3K2/8/8/8 b - - 1 42
662,-12.0,"(200.2, 461.8)",['e5d3'],8/5k2/p4p1p/1p5P/1P3K2/3n4/8/8 w - - 2 43
663,-12.0,"(200.2, 461.8)",[],8/5k2/p4p1p/1p5P/1P3K2/3n4/8/8 w - - 2 43
664,-12.0,"(200.2, 461.8)",[],8/5k2/p4p1p/1p5P/1P3K2/3n4/8/8 w - - 2 43
665,-12.0,"(200.2, 461.8)",[],8/5k2/p4p1p/1p5P/1P3K2/3n4/8/8 w - - 2 43
666,-12.0,"(200.2, 461.8)",[],8/5k2/p4p1p/1p5P/1P3K2/3n4/8/8 w - - 2 43
667,-12.0,"(200.2, 461.8)",[],8/5k2/p4p1p/1p5P/1P3K2/3n4/8/8 w - - 2 43
668,-12.23,"(205.7, 461.8)",['f4e4'],8/5k2/p4p1p/1p5P/1P2K3/3n4/8/8 b - - 3 43
669,-13.92,"(205.7, 462.5)",['d3b4'],8/5k2/p4p1p/1p5P/1n2K3/8/8/8 w - - 0 44
670,-12.1,"(207.2, 462.5)",['e4d4'],8/5k2/p4p1p/1p5P/1n1K4/8/8/8 b - - 1 44
671,-12.1,"(207.2, 462.5)",[],8/5k2/p4p1p/1p5P/1n1K4/8/8/8 b - - 1 44
672,-13.28,"(207.2, 464.3)",['a6a5'],8/5k2/5p1p/pp5P/1n1K4/8/8/8 w - - 0 45
673,-14.59,"(208.6, 464.3)",['d4c3'],8/5k2/5p1p/pp5P/1n6/2K5/8/8 b - - 1 45
674,-14.59,"(208.6, 464.3)",[],8/5k2/5p1p/pp5P/1n6/2K5/8/8 b - - 1 45
675,-11.77,"(208.6, 466.2)",['b4a2'],8/5k2/5p1p/pp5P/8/2K5/n7/8 w - - 2 46
676,-11.77,"(208.6, 466.2)",[],8/5k2/5p1p/pp5P/8/2K5/n7/8 w - - 2 46
677,-11.77,"(208.6, 466.2)",[],8/5k2/5p1p/pp5P/8/2K5/n7/8 w - - 2 46
678,-11.77,"(208.6, 466.2)",[],8/5k2/5p1p/pp5P/8/2K5/n7/8 w - - 2 46
679,-12.24,"(212.3, 466.2)",['c3b2'],8/5k2/5p1p/pp5P/8/8/nK6/8 b - - 3 46
680,-12.24,"(212.3, 466.2)",[],8/5k2/5p1p/pp5P/8/8/nK6/8 b - - 3 46
681,-12.24,"(212.3, 466.2)",[],8/5k2/5p1p/pp5P/8/8/nK6/8 b - - 3 46
682,-13.04,"(212.3, 469.7)",['a2b4'],8/5k2/5p1p/pp5P/1n6/8/1K6/8 w - - 4 47
683,-13.04,"(212.3, 469.7)",[],8/5k2/5p1p/pp5P/1n6/8/1K6/8 w - - 4 47
684,-13.04,"(212.3, 469.7)",[],8/5k2/5p1p/pp5P/1n6/8/1K6/8 w - - 4 47
685,-15.89,"(214.6, 469.7)",['b2a3'],8/5k2/5p1p/pp5P/1n6/K7/8/8 b - - 5 47
686,-15.89,"(214.6, 469.7)",[],8/5k2/5p1p/pp5P/1n6/K7/8/8 b - - 5 47
687,-15.89,"(214.6, 469.7)",[],8/5k2/5p1p/pp5P/1n6/K7/8/8 b - - 5 47
688,-15.89,"(214.6, 469.7)",[],8/5k2/5p1p/pp5P/1n6/K7/8/8 b - - 5 47
689,-15.9,"(214.6, 474.4)",['f6f5'],8/5k2/7p/pp3p1P/1n6/K7/8/8 w - - 0 48
690,-15.9,"(214.6, 474.4)",[],8/5k2/7p/pp3p1P/1n6/K7/8/8 w - - 0 48
691,-15.9,"(214.6, 474.4)",[],8/5k2/7p/pp3p1P/1n6/K7/8/8 w - - 0 48
692,-15.9,"(214.6, 474.4)",[],8/5k2/7p/pp3p1P/1n6/K7/8/8 w - - 0 48
693,-15.9,"(214.6, 474.4)",[],8/5k2/7p/pp3p1P/1n6/K7/8/8 w - - 0 48
694,-16.56,"(219.0, 474.4)",['a3b3'],8/5k2/7p/pp3p1P/1n6/1K6/8/8 b - - 1 48
695,-16.56,"(219.0, 474.4)",[],8/5k2/7p/pp3p1P/1n6/1K6/8/8 b - - 1 48
696,-15.22,"(219.0, 476.1)",['f5f4'],8/5k2/7p/pp5P/1n3p2/1K6/8/8 w - - 0 49
697,-15.22,"(219.0, 476.1)",[],8/5k2/7p/pp5P/1n3p2/1K6/8/8 w - - 0 49
698,-17.64,"(221.3, 476.1)",['b3c3'],8/5k2/7p/pp5P/1n3p2/2K5/8/8 b - - 1 49
699,-17.71,"(221.3, 477.4)",['f4f3'],8/5k2/7p/pp5P/1n6/2K2p2/8/8 w - - 0 50
700,-18.37,"(222.3, 477.4)",['c3d2'],8/5k2/7p/pp5P/1n6/5p2/3K4/8 b - - 1 50
701,-18.5,"(222.3, 478.6)",['f3f2'],8/5k2/7p/pp5P/1n6/8/3K1p2/8 w - - 0 51
702,-18.5,"(222.3, 478.6)",[],8/5k2/7p/pp5P/1n6/8/3K1p2/8 w - - 0 51
703,-18.5,"(222.3, 478.6)",[],8/5k2/7p/pp5P/1n6/8/3K1p2/8 w - - 0 51
704,-22.09,"(225.0, 478.6)",['d2e2'],8/5k2/7p/pp5P/1n6/8/4Kp2/8 b - - 1 51
705,-22.09,"(225.0, 478.6)",[],8/5k2/7p/pp5P/1n6/8/4Kp2/8 b - - 1 51
706,-22.09,"(225.0, 478.6)",[],8/5k2/7p/pp5P/1n6/8/4Kp2/8 b - - 1 51
707,-22.09,"(225.0, 478.6)",[],8/5k2/7p/pp5P/1n6/8/4Kp2/8 b - - 1 51
708,-22.09,"(225.0, 478.6)",[],8/5k2/7p/pp5P/1n6/8/4Kp2/8 b - - 1 51
709,-22.09,"(225.0, 478.6)",[],8/5k2/7p/pp5P/1n6/8/4Kp2/8 b - - 1 51
710,-22.09,"(225.0, 478.6)",[],8/5k2/7p/pp5P/1n6/8/4Kp2/8 b - - 1 51
711,-22.09,"(225.0, 478.6)",[],8/5k2/7p/pp5P/1n6/8/4Kp2/8 b - - 1 51
712,-22.09,"(225.0, 478.6)",[],8/5k2/7p/pp5P/1n6/8/4Kp2/8 b - - 1 51
713,-22.09,"(225.0, 478.6)",[],8/5k2/7p/pp5P/1n6/8/4Kp2/8 b - - 1 51
714,-22.09,"(225.0, 478.6)",[],8/5k2/7p/pp5P/1n6/8/4Kp2/8 b - - 1 51
715,-22.09,"(225.0, 478.6)",[],8/5k2/7p/pp5P/1n6/8/4Kp2/8 b - - 1 51
716,-22.09,"(225.0, 478.6)",[],8/5k2/7p/pp5P/1n6/8/4Kp2/8 b - - 1 51
717,-17.44,"(225.0, 491.8)",['a5a4'],8/5k2/7p/1p5P/pn6/8/4Kp2/8 w - - 0 52
718,-17.44,"(225.0, 491.8)",[],8/5k2/7p/1p5P/pn6/8/4Kp2/8 w - - 0 52
719,-17.72,"(227.1, 491.8)",['e2f2'],8/5k2/7p/1p5P/pn6/8/5K2/8 b - - 0 52
720,-18.69,"(227.1, 492.8)",['a4a3'],8/5k2/7p/1p5P/1n6/p7/5K2/8 w - - 0 53
721,-18.66,"(228.0, 492.8)",['f2e1'],8/5k2/7p/1p5P/1n6/p7/8/4K3 b - - 1 53
722,-18.98,"(228.0, 493.8)",['a3a2'],8/5k2/7p/1p5P/1n6/8/p7/4K3 w - - 0 54
723,#-11,"(228.9, 493.8)",['e1d1'],8/5k2/7p/1p5P/1n6/8/p7/3K4 b - - 1 54
724,#-11,"(228.9, 493.8)",[],8/5k2/7p/1p5P/1n6/8/p7/3K4 b - - 1 54
725,-28.62,"(228.9, 495.3)",['a2a1q'],8/5k2/7p/1p5P/1n6/8/8/q2K4 w - - 0 55
726,#-6,"(230.3, 495.3)",['d1d2'],8/5k2/7p/1p5P/1n6/8/3K4/q7 b - - 1 55
727,#-6,"(230.3, 495.3)",[],8/5k2/7p/1p5P/1n6/8/3K4/q7 b - - 1 55
728,#-6,"(230.3, 495.3)",[],8/5k2/7p/1p5P/1n6/8/3K4/q7 b - - 1 55
729,#-6,"(230.3, 495.3)",[],8/5k2/7p/1p5P/1n6/8/3K4/q7 b - - 1 55
730,#-17,"(230.3, 498.8)",['a1a3'],8/5k2/7p/1p5P/1n6/q7/3K4/8 w - - 2 56
731,#-17,"(230.3, 498.8)",[],8/5k2/7p/1p5P/1n6/q7/3K4/8 w - - 2 56
732,#-7,"(232.5, 498.8)",['d2e2'],8/5k2/7p/1p5P/1n6/q7/4K3/8 b - - 3 56
733,#-7,"(232.5, 498.8)",[],8/5k2/7p/1p5P/1n6/q7/4K3/8 b - - 3 56
734,#-18,"(232.5, 500.9)",['b4c2'],8/5k2/7p/1p5P/8/q7/2n1K3/8 w - - 4 57
735,#-6,"(234.1, 500.9)",['e2f2'],8/5k2/7p/1p5P/8/q7/2n2K2/8 b - - 5 57
736,#-6,"(234.1, 500.9)",[],8/5k2/7p/1p5P/8/q7/2n2K2/8 b - - 5 57
737,#-4,"(234.1, 502.2)",['b5b4'],8/5k2/7p/7P/1p6/q7/2n2K2/8 w - - 0 58
738,#-4,"(234.1, 502.2)",[],8/5k2/7p/7P/1p6/q7/2n2K2/8 w - - 0 58
739,#-4,"(236.2, 502.2)",['f2e2'],8/5k2/7p/7P/1p6/q7/2n1K3/8 b - - 1 58
740,#-5,"(236.2, 503.4)",['b4b3'],8/5k2/7p/7P/8/qp6/2n1K3/8 w - - 0 59
741,#-4,"(236.9, 503.4)",['e2d1'],8/5k2/7p/7P/8/qp6/2n5/3K4 b - - 1 59
742,#-4,"(236.9, 503.4)",[],8/5k2/7p/7P/8/qp6/2n5/3K4 b - - 1 59
743,#-4,"(236.9, 503.4)",[],8/5k2/7p/7P/8/qp6/2n5/3K4 b - - 1 59
744,#-5,"(236.9, 506.9)",['a3a2'],8/5k2/7p/7P/8/1p6/q1n5/3K4 w - - 2 60
745,#-5,"(236.9, 506.9)",[],8/5k2/7p/7P/8/1p6/q1n5/3K4 w - - 2 60
746,#-5,"(236.9, 506.9)",[],8/5k2/7p/7P/8/1p6/q1n5/3K4 w - - 2 60
747,#-5,"(236.9, 506.9)",[],8/5k2/7p/7P/8/1p6/q1n5/3K4 w - - 2 60
748,#-5,"(236.9, 506.9)",[],8/5k2/7p/7P/8/1p6/q1n5/3K4 w - - 2 60
749,#-5,"(236.9, 506.9)",[],8/5k2/7p/7P/8/1p6/q1n5/3K4 w - - 2 60
750,#-5,"(236.9, 506.9)",[],8/5k2/7p/7P/8/1p6/q1n5/3K4 w - - 2 60
751,#-3,"(244.1, 506.9)",['d1c1'],8/5k2/7p/7P/8/1p6/q1n5/2K5 b - - 3 60
752,#-3,"(244.1, 506.9)",[],8/5k2/7p/7P/8/1p6/q1n5/2K5 b - - 3 60
753,#-3,"(244.1, 506.9)",[],8/5k2/7p/7P/8/1p6/q1n5/2K5 b - - 3 60
754,#-4,"(244.1, 509.4)",['b3b2'],8/5k2/7p/7P/8/8/qpn5/2K5 w - - 0 61
755,#-4,"(244.1, 509.4)",[],8/5k2/7p/7P/8/8/qpn5/2K5 w - - 0 61
756,#-4,"(246.0, 509.4)",['c1c2'],8/5k2/7p/7P/8/8/qpK5/8 b - - 0 61
757,#-4,"(246.0, 509.4)",[],8/5k2/7p/7P/8/8/qpK5/8 b - - 0 61
758,#-4,"(246.0, 509.4)",[],8/5k2/7p/7P/8/8/qpK5/8 b - - 0 61
759,#-4,"(246.0, 509.4)",[],8/5k2/7p/7P/8/8/qpK5/8 b - - 0 61
760,#-4,"(246.0, 509.4)",[],8/5k2/7p/7P/8/8/qpK5/8 b - - 0 61
761,#-3,"(246.0, 514.7)",['b2b1q'],8/5k2/7p/7P/8/8/q1K5/1q6 w - - 0 62
762,#-3,"(246.0, 514.7)",[],8/5k2/7p/7P/8/8/q1K5/1q6 w - - 0 62
763,#-3,"(247.6, 514.7)",['c2c3'],8/5k2/7p/7P/8/2K5/q7/1q6 b - - 1 62
764,#-3,"(247.6, 514.7)",[],8/5k2/7p/7P/8/2K5/q7/1q6 b - - 1 62
765,#-3,"(247.6, 514.7)",[],8/5k2/7p/7P/8/2K5/q7/1q6 b - - 1 62
766,#-2,"(247.6, 517.9)",['b1c1'],8/5k2/7p/7P/8/2K5/q7/2q5 w - - 2 63
767,#-2,"(247.6, 517.9)",[],8/5k2/7p/7P/8/2K5/q7/2q5 w - - 2 63
768,#-2,"(250.1, 517.9)",['c3d4'],8/5k2/7p/7P/3K4/8/q7/2q5 b - - 3 63
769,#-2,"(250.1, 517.9)",[],8/5k2/7p/7P/3K4/8/q7/2q5 b - - 3 63
770,#-2,"(250.1, 517.9)",[],8/5k2/7p/7P/3K4/8/q7/2q5 b - - 3 63
771,#-2,"(250.1, 517.9)",[],8/5k2/7p/7P/3K4/8/q7/2q5 b - - 3 63
772,#-3,"(250.1, 521.6)",['a2b2'],8/5k2/7p/7P/3K4/8/1q6/2q5 w - - 4 64
773,#-3,"(250.1, 521.6)",[],8/5k2/7p/7P/3K4/8/1q6/2q5 w - - 4 64
774,#-3,"(252.1, 521.6)",['d4e4'],8/5k2/7p/7P/4K3/8/1q6/2q5 b - - 5 64
775,#-3,"(252.1, 521.6)",[],8/5k2/7p/7P/4K3/8/1q6/2q5 b - - 5 64
776,#-2,"(252.1, 523.4)",['b2d2'],8/5k2/7p/7P/4K3/8/3q4/2q5 w - - 6 65
777,#-1,"(253.6, 523.4)",['e4f5'],8/5k2/7p/5K1P/8/8/3q4/2q5 b - - 7 65
778,#-1,"(253.6, 523.4)",[],8/5k2/7p/5K1P/8/8/3q4/2q5 b - - 7 65
779,#-2,"(253.6, 525.2)",['c1e1'],8/5k2/7p/5K1P/8/8/3q4/4q3 w - - 8 66
780,#-2,"(253.6, 525.2)",[],8/5k2/7p/5K1P/8/8/3q4/4q3 w - - 8 66
781,#-2,"(255.6, 525.2)",['f5g4'],8/5k2/7p/7P/6K1/8/3q4/4q3 b - - 9 66
782,#-2,"(255.6, 525.2)",[],8/5k2/7p/7P/6K1/8/3q4/4q3 b - - 9 66
783,#-1,"(255.6, 527.2)",['d2f2'],8/5k2/7p/7P/6K1/8/5q2/4q3 w - - 10 67
784,#-1,"(255.6, 527.2)",[],8/5k2/7p/7P/6K1/8/5q2/4q3 w - - 10 67
785,#-1,"(255.6, 527.2)",[],8/5k2/7p/7P/6K1/8/5q2/4q3 w - - 10 67
786,#-1,"(258.2, 527.2)",['g4h3'],8/5k2/7p/7P/8/7K/5q2/4q3 b - - 11 67
787,0.0,"(258.2, 528.4)",['e1g1'],8/5k2/7p/7P/8/7K/5q2/6q1 w - - 12 68
