make,model,displacement,number_cyl,number_gears,city_mpg,hwy_mpg
Honda,NSX,3.5,6,9,21,22
aston martin,Vantage Manual,4,8,7,14,21
aston martin,Vantage V8,4,8,8,18,24
Volkswagen Group of,R8,5.2,10,7,13,20
Volkswagen Group of,R8 2WD,5.2,10,7,14,23
Volkswagen Group of,R8 Spyder,5.2,10,7,13,20
Volkswagen Group of,R8 Spyder 2WD,5.2,10,7,14,23
Volkswagen Group of,TT Roadster quattro,2,4,7,23,31
BMW,Z4 M40i,3,6,8,22,30
BMW,Z4 sDrive30i,2,4,8,25,32
Volkswagen Group of,Chiron,8,16,7,9,14
Volkswagen Group of,Chiron Pur Sport,8,16,7,8,13
General Motors,CORVETTE,6.2,8,8,15,27
Ferrari,812 GTS,6.5,12,7,12,15
Ferrari,812 Superfast,6.5,12,7,12,16
Ferrari,F8 Spider,3.9,8,7,15,18
Ferrari,F8 Tributo,3.9,8,7,15,19
Ford Motor Company,FORD GT,3.5,6,7,12,18
Jaguar Land Rover L,F-TYPE Convertible,2,4,8,23,30
Jaguar Land Rover L,F-TYPE Coupe,2,4,8,23,30
Jaguar Land Rover L,F-TYPE R AWD Convertible,5,8,8,16,24
Jaguar Land Rover L,F-TYPE R AWD Coupe,5,8,8,16,24
Jaguar Land Rover L,F-TYPE S AWD Convertible,3,6,8,18,26
Jaguar Land Rover L,F-TYPE S AWD Coupe,3,6,8,18,26
Jaguar Land Rover L,F-TYPE S Convertible,3,6,8,19,27
Jaguar Land Rover L,F-TYPE S Coupe,3,6,8,19,27
Volkswagen Group of,Aventador Coupe,6.5,12,7,8,15
Volkswagen Group of,Aventador Roadster,6.5,12,7,9,15
Volkswagen Group of,Aventador Sian Coupe,6.5,12,7,8,14
Volkswagen Group of,Aventador Sian Roadster,6.5,12,7,8,14
Volkswagen Group of,Huracan,5.2,10,7,13,18
Volkswagen Group of,Huracan 2WD,5.2,10,7,13,18
Volkswagen Group of,Huracan Spyder,5.2,10,7,13,18
Volkswagen Group of,Huracan Spyder 2WD,5.2,10,7,13,18
MAZDA,MX-5,2,4,6,26,35
McLaren Automotive,765LT Coupe,4,8,7,14,18
McLaren Automotive,720S Coupe,4,8,7,15,22
McLaren Automotive,720S Coupe LM,4,8,7,15,22
McLaren Automotive,720S Spider,4,8,7,15,22
McLaren Automotive,Elva,4,8,7,15,21
McLaren Automotive,GT,4,8,7,15,22
Mercedes-Benz,AMG GT (coupe),4,8,7,15,20
Mercedes-Benz,AMG GT (roadster),4,8,7,15,20
Mercedes-Benz,AMG GT Black Series,4,8,7,15,20
Mercedes-Benz,AMG GT C (coupe),4,8,7,15,19
Mercedes-Benz,AMG GT C (roadster),4,8,7,15,20
Mercedes-Benz,AMG GT R (coupe),4,8,7,14,20
Nissan,370Z,3.7,6,6,17,26
Porsche,718 Boxster,2,4,7,21,27
Porsche,718 Boxster GTS 4.0,4,6,7,19,24
Porsche,718 Boxster S,2.5,4,7,19,25
Porsche,718 Boxster T,2,4,7,21,27
Porsche,718 Cayman,2,4,7,21,27
Porsche,718 Cayman GT4,4,6,7,18,24
Porsche,718 Cayman GTS 4.0,4,6,7,19,24
Porsche,718 Cayman S,2.5,4,7,19,25
Porsche,718 Cayman T,2,4,7,21,27
Porsche,718 Spyder,4,6,7,18,24
BMW,Supra 2.0,2,4,8,25,32
BMW,Supra 3.0,3,6,8,22,30
aston martin,DB11 V12,5.2,12,8,15,22
aston martin,DB11 V8,4,8,8,18,24
aston martin,DBS,5.2,12,8,14,22
Volkswagen Group of,Continental GT Convertible,4,8,8,16,26
Ferrari,Portofino,3.9,8,7,16,22
Ferrari,Portofino M,3.9,8,8,16,23
Toyota,LC 500 CONVERTIBLE,5,8,10,15,25
Lotus,Evora GT,3.5,6,6,17,24
BMW,COOPER CONVERTIBLE,1.5,3,7,28,37
BMW,COOPER S CONVERTIBLE,2,4,7,26,34
BMW,JOHN COOPER WORKS CONVERTIBLE,2,4,8,25,33
Porsche,911 Carrera,3,6,8,18,24
Porsche,911 Carrera 4,3,6,8,18,24
Porsche,911 Carrera 4 Cabriolet,3,6,8,18,24
Porsche,911 Carrera 4S,3,6,8,18,23
Porsche,911 Carrera 4S Cabriolet,3,6,8,18,23
Porsche,911 Carrera Cabriolet,3,6,8,18,24
Porsche,911 Carrera S,3,6,8,18,23
Porsche,911 Carrera S Cabriolet,3,6,8,18,23
Porsche,911 Targa 4,3,6,8,18,24
Porsche,911 Targa 4S,3,6,8,18,23
Porsche,911 Turbo,3.7,6,8,15,20
Porsche,911 Turbo Cabriolet,3.7,6,8,15,20
Porsche,911 Turbo S,3.7,6,8,15,20
Porsche,911 Turbo S Cabriolet,3.7,6,8,15,20
Volkswagen Group of,A5 Cabriolet quattro,2,4,7,23,31
Volkswagen Group of,A5 quattro,2,4,7,24,31
Volkswagen Group of,RS 5,2.9,6,8,18,25
Volkswagen Group of,S5,3,6,8,20,28
Volkswagen Group of,S5 Cabriolet,3,6,8,20,26
Volkswagen Group of,TT Coupe quattro,2,4,7,23,31
Volkswagen Group of,TT RS,2.5,5,7,20,30
Volkswagen Group of,TTS Coupe,2,4,7,23,29
Volkswagen Group of,Continental GT,4,8,8,16,26
BMW,230i Convertible,2,4,8,23,33
BMW,230i Coupe,2,4,8,25,32
BMW,230i xDrive Convertible,2,4,8,21,30
BMW,230i xDrive Coupe,2,4,8,21,30
BMW,430i Convertible,2,4,8,24,33
BMW,430i Coupe,2,4,8,26,34
BMW,430i xDrive Coupe,2,4,8,24,33
BMW,840i Convertible,3,6,8,22,29
BMW,840i Coupe,3,6,8,23,30
BMW,840i xDrive Convertible,3,6,8,20,27
BMW,840i xDrive Coupe,3,6,8,20,27
BMW,M2 Competition Coupe,3,6,7,16,23
BMW,M240i Convertible,3,6,8,21,30
BMW,M240i Coupe,3,6,8,21,30
BMW,M240i xDrive Convertible,3,6,8,21,30
BMW,M240i xDrive Coupe,3,6,8,21,30
BMW,M4 Competition Coupe,3,6,8,16,23
BMW,M4 Coupe,3,6,6,16,23
BMW,M440i Convertible,3,6,8,23,31
BMW,M440i xDrive Coupe,3,6,8,22,31
BMW,M8 Competition Convertible,4.4,8,8,15,21
BMW,M8 Convertible,4.4,8,8,15,21
BMW,M850i xDrive Convertible,4.4,8,8,17,24
BMW,M850i xDrive Coupe,4.4,8,8,17,25
General Motors,CAMARO,2,4,8,22,30
General Motors,SPARK,1.4,4,1,30,38
General Motors,SPARK ACTIV,1.4,4,1,30,37
Ferrari,Roma,3.9,8,8,17,22
Ford Motor Company,MUSTANG,2.3,4,10,21,32
Ford Motor Company,MUSTANG CONVERTIBLE,2.3,4,10,20,28
Ford Motor Company,MUSTANG HO CONVERTIBLE,2.3,4,10,19,26
Ford Motor Company,MUSTANG HO COUPE,2.3,4,10,20,27
Ford Motor Company,MUSTANG MACH 1,5,8,10,15,23
Ford Motor Company,SHELBY GT500 MUSTANG,5.2,8,7,12,18
Nissan,Q60,3,6,7,19,28
Nissan,Q60 AWD,3,6,7,19,27
Nissan,Q60 AWD RED SPORT,3,6,7,19,26
Nissan,Q60 RED SPORT,3,6,7,20,27
Toyota,LC 500,5,8,10,16,25
Toyota,LC 500h,3.5,6,10,26,34
Toyota,RC 300,2,4,8,21,31
Toyota,RC 300 AWD,3.5,6,6,19,26
Toyota,RC 350,3.5,6,8,20,28
Toyota,RC 350 AWD,3.5,6,6,19,26
Toyota,RC F,5,8,8,16,24
Mercedes-Benz,A 220,2,4,7,25,36
Mercedes-Benz,A 220 4MATIC,2,4,7,25,34
Mercedes-Benz,AMG A 35 4MATIC,2,4,7,22,29
Mercedes-Benz,AMG C 43 4MATIC (convertible),3,6,9,19,27
Mercedes-Benz,AMG C 43 4MATIC (coupe),3,6,9,19,27
Mercedes-Benz,AMG C 63 (convertible),4,8,9,17,25
Mercedes-Benz,AMG C 63 (coupe),4,8,9,17,26
Mercedes-Benz,AMG C 63 S (convertible),4,8,9,17,25
Mercedes-Benz,AMG C 63 S (coupe),4,8,9,17,26
Mercedes-Benz,AMG E53 4MATIC+ (Convertible),3,6,9,21,27
Mercedes-Benz,AMG E53 4MATIC+ (Coupe),3,6,9,21,28
Mercedes-Benz,AMG S 63 4MATIC+ (convertible),4,8,9,14,24
Mercedes-Benz,C 300 (convertible),2,4,9,23,31
Mercedes-Benz,C 300 (Coupe),2,4,9,24,33
Mercedes-Benz,C 300 4MATIC (convertible),2,4,9,22,30
Mercedes-Benz,C 300 4MATIC (Coupe),2,4,9,23,32
Mercedes-Benz,E 450 (convertible),3,6,9,23,30
Mercedes-Benz,E 450 (coupe),3,6,9,23,31
Mercedes-Benz,E 450 4MATIC (convertible),3,6,9,23,29
Mercedes-Benz,E 450 4MATIC (coupe),3,6,9,23,30
Mercedes-Benz,S 560 (convertible),4,8,9,16,26
BMW,COOPER HARDTOP 2 DOOR,1.5,3,7,28,37
BMW,COOPER HARDTOP 4 DOOR,1.5,3,7,28,37
BMW,COOPER S HARDTOP 2 DOOR,2,4,7,26,35
BMW,COOPER S HARDTOP 4 DOOR,2,4,7,26,35
BMW,John Cooper Works GP,2,4,8,24,30
BMW,JOHN COOPER WORKS HARDTOP,2,4,8,26,34
Nissan,GT-R,3.8,6,6,16,22
Roush,Roush Mustang,5,8,10,12,19
Honda,ILX,2.4,4,8,24,34
Honda,TLX AWD,2,4,10,21,29
Honda,TLX AWD A-SPEC,2,4,10,21,29
Honda,TLX FWD,2,4,10,22,31
Honda,TLX FWD A-SPEC,2,4,10,22,30
Honda,TLX Type-S,3,6,10,19,25
Honda,TLX Type-S Perf Tire,3,6,10,19,24
Volkswagen Group of,A4 quattro,2,4,7,25,34
Volkswagen Group of,A4 S line quattro,2,4,7,24,31
Volkswagen Group of,S4,3,6,8,20,28
BMW,228i Gran Coupe,2,4,8,24,33
BMW,228i xDrive Gran Coupe,2,4,8,23,33
BMW,330i,2,4,8,26,36
BMW,330i xDrive,2,4,8,25,34
BMW,M235i xDrive Gran Coupe,2,4,8,23,32
BMW,M3,3,6,6,16,23
BMW,M3 Competition,3,6,8,16,23
BMW,M340i,3,6,8,23,32
BMW,M340i xDrive,3,6,8,22,31
General Motors,CT4,2,4,8,23,34
General Motors,CT4 AWD,2,4,8,23,32
General Motors,CT4 V,2.7,4,10,20,29
General Motors,CT4 V AWD,2.7,4,10,20,28
Hyundai,G70 AWD,2,4,8,20,27
Hyundai,G70 RWD,2,4,8,22,30
Honda,INSIGHT TOURING,1.5,4,1,51,45
Hyundai,Accent,1.6,4,1,33,41
Hyundai,Veloster,1.6,4,7,28,34
Hyundai,Veloster N,2,4,8,20,27
Jaguar Land Rover L,XE P250,2,4,8,25,34
Jaguar Land Rover L,XE P250 AWD,2,4,8,24,34
Jaguar Land Rover L,XE P300 AWD,2,4,8,22,30
Kia,Rio,1.6,4,1,33,41
Toyota,IS 300,2,4,8,21,31
Toyota,IS 300 AWD,3.5,6,6,19,26
Toyota,IS 350,3.5,6,8,20,28
Toyota,IS 350 AWD,3.5,6,6,19,26
Toyota,UX 250h,2,4,6,43,41
Toyota,UX 250h AWD,2,4,6,41,38
MAZDA,CX-3 2WD,2,4,6,29,34
MAZDA,CX-3 4WD,2,4,6,27,32
MAZDA,MAZDA2,1.5,4,6,32,40
MAZDA,MAZDA3 4-Door 2WD,2,4,6,28,36
MAZDA,MAZDA3 4-Door 4WD,2.5,4,6,23,32
Mercedes-Benz,AMG C 43 4MATIC,3,6,9,18,27
Mercedes-Benz,AMG C 63,4,8,9,17,26
Mercedes-Benz,AMG C 63 S,4,8,9,17,26
Mercedes-Benz,AMG CLA 35 4MATIC,2,4,7,22,29
Mercedes-Benz,AMG CLA 45 4MATIC,2,4,8,20,29
Mercedes-Benz,AMG CLS53 4MATIC+,3,6,9,21,26
Mercedes-Benz,AMG GT 43 4MATIC+,3,6,9,20,25
Mercedes-Benz,AMG GT 53 4MATIC+,3,6,9,20,25
Mercedes-Benz,AMG GT 63 4MATIC+,4,8,9,16,21
Mercedes-Benz,AMG GT 63 S 4MATIC+,4,8,9,16,21
Mercedes-Benz,AMG S 63 4MATIC+ (coupe),4,8,9,16,26
Mercedes-Benz,C 300,2,4,9,23,35
Mercedes-Benz,C 300 4MATIC,2,4,9,23,33
Mercedes-Benz,CLA 250,2,4,7,25,35
Mercedes-Benz,CLA 250 4MATIC,2,4,7,24,33
Mercedes-Benz,CLS 450,3,6,9,23,30
Mercedes-Benz,CLS 450 4MATIC,3,6,9,22,29
Mercedes-Benz,S 560 4MATIC (coupe),4,8,9,16,26
Mitsubishi Motors Co,MIRAGE,1.2,3,1,36,43
Mitsubishi Motors Co,MIRAGE G4,1.2,3,1,35,41
Nissan,VERSA,1.6,4,1,32,40
Rolls-Royce,Dawn,6.6,12,8,12,18
Rolls-Royce,Dawn Black Badge,6.6,12,8,12,18
Subaru,WRX,2,4,8,18,24
Toyota,C-HR,2,4,7,27,31
Toyota,COROLLA,1.8,4,1,30,38
Toyota,COROLLA APEX,2,4,10,31,38
Toyota,COROLLA HATCHBACK,2,4,10,32,41
Toyota,COROLLA HATCHBACK MANUAL,2,4,6,28,37
Toyota,COROLLA HATCHBACK XSE,2,4,10,30,38
Toyota,COROLLA HYBRID,1.8,4,1,53,52
Toyota,COROLLA XLE,1.8,4,1,29,37
Toyota,COROLLA XSE,2,4,10,31,38
Volkswagen Group of,Golf,1.4,4,8,29,36
Volkswagen Group of,GTI,2,4,7,24,32
Volkswagen Group of,Jetta,1.4,4,8,29,39
Volkswagen Group of,Jetta GLI,2,4,7,24,35
Volvo,S60 AWD,2,4,8,22,33
Volvo,S60 FWD,2,4,8,23,34
FCA US LLC,Giulia,2,4,8,24,33
FCA US LLC,Giulia AWD,2,4,8,23,31
Volkswagen Group of,A5 Sportback quattro,2,4,7,25,34
Volkswagen Group of,A5 Sportback S line quattro,2,4,7,24,31
Volkswagen Group of,A6 quattro,2,4,7,23,31
Volkswagen Group of,A7 quattro,3,6,7,22,29
Volkswagen Group of,RS 5 Sportback,2.9,6,8,18,25
Volkswagen Group of,RS 7,4,8,8,15,22
Volkswagen Group of,S5 Sportback,3,6,8,20,28
Volkswagen Group of,S6,2.9,6,8,18,28
Volkswagen Group of,S7,2.9,6,8,18,28
Volkswagen Group of,Flying Spur,4,8,8,15,20
BMW,530i,2,4,8,25,33
BMW,530i xDrive,2,4,8,23,32
BMW,540i,3,6,8,25,32
BMW,540i xDrive,3,6,8,23,31
BMW,840i Gran Coupe,3,6,8,22,29
BMW,840i xDrive Gran Coupe,3,6,8,20,27
BMW,M5,4.4,8,8,15,21
BMW,M5 Competition,4.4,8,8,15,21
BMW,M550i xDrive,4.4,8,8,17,25
BMW,M8 Competition Gran Coupe,4.4,8,8,15,21
BMW,M8 Gran Coupe,4.4,8,8,15,21
BMW,M850i xDrive Gran Coupe,4.4,8,8,17,24
BMW,X2 M35i,2,4,8,23,30
BMW,X2 sDrive28i,2,4,8,24,32
BMW,X2 xDrive28i,2,4,8,24,31
General Motors,CT5,2,4,10,23,32
General Motors,CT5 AWD,2,4,10,21,31
General Motors,CT5 V,3,6,10,18,27
General Motors,CT5 V AWD,3,6,10,18,26
General Motors,MALIBU,1.5,4,1,29,36
FCA US LLC,Challenger,3.6,6,8,19,30
FCA US LLC,Challenger AWD,3.6,6,8,18,27
FCA US LLC,Challenger SRT,6.2,8,8,13,22
FCA US LLC,Challenger SRT Widebody,6.2,8,8,13,21
FCA US LLC,Challenger Widebody,6.4,8,8,15,24
Honda,CIVIC 4Dr,1.5,4,1,32,42
Honda,INSIGHT,1.5,4,1,55,49
Hyundai,Elantra,1.6,4,7,28,36
Hyundai,Elantra Hybrid,1.6,4,6,49,52
Hyundai,Elantra Hybrid Blue,1.6,4,6,53,56
Hyundai,Venue,1.6,4,1,30,33
Nissan,Q50,3,6,7,20,29
Nissan,Q50 AWD,3,6,7,19,27
Nissan,Q50 AWD RED SPORT,3,6,7,19,26
Nissan,Q50 RED SPORT,3,6,7,20,26
Jaguar Land Rover L,XF P250,2,4,8,25,33
Jaguar Land Rover L,XF P250 AWD,2,4,8,23,32
Jaguar Land Rover L,XF P300 AWD,2,4,8,22,30
Kia,Forte,1.6,4,7,27,35
Kia,Forte FE,2,4,1,31,41
Kia,Stinger AWD,2,4,8,21,29
Kia,Stinger RWD,2,4,8,22,29
Toyota,ES 250 AWD,2.5,4,8,25,34
Toyota,ES 300h,2.5,4,6,43,44
Toyota,ES 350,3.5,6,8,22,32
Toyota,ES 350 F SPORT,3.5,6,8,22,31
Toyota,LS 500,3.4,6,10,18,29
Toyota,LS 500 AWD,3.4,6,10,17,27
Toyota,LS 500h,3.5,6,10,25,33
Toyota,LS 500h AWD,3.5,6,10,23,29
Toyota,UX 200,2,4,10,29,37
Maserati,GHIBLI,3,6,8,17,25
Maserati,GHIBLI S,3,6,8,17,25
Maserati,GHIBLI S Q4,3,6,8,16,24
Maserati,GHIBLI TROFEO,3.8,8,8,13,20
MAZDA,MAZDA3 5-Door 2WD,2.5,4,6,26,34
MAZDA,MAZDA3 5-Door 4WD,2.5,4,6,23,31
MAZDA,MAZDA6,2.5,4,6,23,31
Mercedes-Benz,AMG E 63 S 4MATIC+,4,8,9,16,23
Mercedes-Benz,AMG E53 4MATIC+,3,6,9,22,29
Mercedes-Benz,E 350,2,4,9,22,31
Mercedes-Benz,E 350 4MATIC,2,4,9,22,30
Mercedes-Benz,E 450 4MATIC,3,6,9,23,30
BMW,COOPER COUNTRYMAN,1.5,3,7,26,33
BMW,COOPER COUNTRYMAN ALL4,1.5,3,8,23,32
BMW,COOPER S CLUBMAN,2,4,7,25,35
BMW,COOPER S CLUBMAN ALL4,2,4,8,23,32
BMW,COOPER S COUNTRYMAN,2,4,7,24,33
BMW,COOPER S COUNTRYMAN ALL4,2,4,8,23,31
BMW,JCW COUNTRYMAN ALL4,2,4,8,23,30
BMW,JOHN COOPER WORKS CLUBMAN ALL4,2,4,8,23,31
Nissan,ALTIMA,2.5,4,1,28,39
Nissan,ALTIMA AWD,2.5,4,1,26,36
Nissan,ALTIMA AWD SR/PLATINUM,2.5,4,1,25,35
Nissan,ALTIMA SR,2.5,4,1,27,37
Nissan,ALTIMA SR/PLATINUM,2,4,1,25,34
Nissan,ALTIMA SV/SL,2.5,4,1,27,37
Nissan,KICKS,1.6,4,1,31,36
Nissan,MAXIMA,3.5,6,7,20,30
Nissan,SENTRA,2,4,1,29,39
Nissan,SENTRA SR,2,4,1,28,37
Rolls-Royce,Wraith,6.6,12,8,12,18
Rolls-Royce,Wraith Black Badge,6.6,12,8,12,18
Subaru,IMPREZA 4-Door,2,4,7,28,36
Subaru,IMPREZA 4-Door SPORT,2,4,7,27,36
Toyota,AVALON,3.5,6,8,22,31
Toyota,AVALON AWD,2.5,4,8,25,34
Toyota,AVALON HYBRID,2.5,4,6,43,43
Toyota,AVALON HYBRID XLE,2.5,4,6,43,44
Toyota,AVALON TRD,3.5,6,8,21,30
Toyota,AVALON XLE,3.5,6,8,22,32
Toyota,CAMRY,3.5,6,8,22,33
Toyota,CAMRY AWD LE/SE,2.5,4,8,25,34
Toyota,CAMRY AWD XLE/XSE,2.5,4,8,25,34
Toyota,CAMRY HYBRID LE,2.5,4,6,51,53
Toyota,CAMRY HYBRID SE/XLE/XSE,2.5,4,6,44,47
Toyota,CAMRY LE/SE,2.5,4,8,28,39
Toyota,CAMRY TRD,3.5,6,8,22,31
Toyota,CAMRY XLE/XSE,2.5,4,8,27,38
Toyota,CAMRY XSE,3.5,6,8,22,32
Toyota,PRIUS,1.8,4,1,54,50
Toyota,PRIUS AWD,1.8,4,1,51,47
Toyota,PRIUS Eco,1.8,4,1,58,53
Volkswagen Group of,Passat,2,4,6,24,36
Volvo,S90 AWD,2,4,8,21,32
Volkswagen Group of,A8L,3,6,8,17,26
Volkswagen Group of,S8,4,8,8,13,22
BMW,740i,3,6,8,22,29
BMW,740i xDrive,3,6,8,20,27
BMW,750i xDrive,4.4,8,8,17,24
BMW,Alpina B7,4.4,8,8,17,24
BMW,M760i xDrive,6.6,12,8,13,20
BMW,X1 sDrive28i,2,4,8,24,33
BMW,X1 xDrive28i,2,4,8,23,31
FCA US LLC,300,3.6,6,8,19,30
FCA US LLC,300 AWD,3.6,6,8,18,27
FCA US LLC,Charger,3.6,6,8,19,30
FCA US LLC,Charger AWD,3.6,6,8,18,27
FCA US LLC,Charger SRT Widebody,6.2,8,8,12,21
FCA US LLC,Charger Widebody,6.4,8,8,15,24
Hyundai,G80 AWD,2.5,4,8,22,30
Hyundai,G80 RWD,2.5,4,8,23,32
Hyundai,G90 AWD,3.3,6,8,17,24
Hyundai,G90 RWD,3.3,6,8,17,24
Honda,ACCORD,1.5,4,1,30,38
Honda,ACCORD SPORT/TOURING,1.5,4,7,29,35
Honda,CIVIC 5DR,1.5,4,1,31,40
Hyundai,Ioniq,1.6,4,6,54,56
Hyundai,Ioniq Blue,1.6,4,6,58,60
Hyundai,Sonata,1.6,4,8,27,37
Hyundai,Sonata Hybrid,2,4,6,45,51
Hyundai,Sonata Hybrid Blue,2,4,6,50,54
Kia,K5,1.6,4,8,29,38
Kia,K5 AWD,1.6,4,8,26,34
Maserati,QUATTROPORTE S,3,6,8,16,24
Maserati,QUATTROPORTE S Q4,3,6,8,16,24
Maserati,QUATTROPORTE TROFEO,3.8,8,8,13,20
Mercedes-Benz,S 500 4MATIC,3,6,9,20,29
Mercedes-Benz,S 580 4MATIC,4,8,9,17,25
Mercedes-Benz,S 580 4MATIC Maybach,4,8,9,16,24
Porsche,Panamera,2.9,6,8,18,24
Porsche,Panamera 4,2.9,6,8,18,24
Porsche,Panamera 4 Executive,2.9,6,8,17,23
Porsche,Panamera 4 ST,2.9,6,8,18,23
Porsche,Panamera 4S,2.9,6,8,18,24
Porsche,Panamera 4S Executive,2.9,6,8,17,23
Porsche,Panamera 4S ST,2.9,6,8,17,23
Porsche,Panamera GTS,4,8,8,15,21
Porsche,Panamera GTS ST,4,8,8,15,20
Porsche,Panamera Turbo S,4,8,8,15,21
Porsche,Panamera Turbo S Executive,4,8,8,15,21
Porsche,Panamera Turbo S ST,4,8,8,15,21
Rolls-Royce,Ghost,6.7,12,8,12,19
Rolls-Royce,Ghost EWB,6.7,12,8,12,19
Rolls-Royce,Phantom,6.7,12,8,12,20
Rolls-Royce,Phantom EWB,6.7,12,8,12,20
Subaru,LEGACY,2.4,4,8,24,32
Volkswagen Group of,Arteon,2,4,8,22,32
Volkswagen Group of,Arteon 4Motion,2,4,8,20,31
Volkswagen Group of,A4 allroad quattro,2,4,7,24,30
Honda,HR-V AWD,1.8,4,1,27,31
Honda,HR-V FWD,1.8,4,1,28,34
Kia,Niro,1.6,4,6,51,46
Kia,Niro FE,1.6,4,6,53,48
Kia,Niro Touring,1.6,4,6,46,40
Kia,Soul,1.6,4,7,27,32
Kia,Soul Eco dynamics,2,4,1,29,35
Mercedes-Benz,AMG GLA 35 4MATIC,2,4,8,23,29
Mercedes-Benz,AMG GLA 45 4MATIC,2,4,8,20,27
Nissan,ROGUE SPORT,2,4,8,25,32
Nissan,ROGUE SPORT AWD,2,4,8,24,30
Subaru,IMPREZA 5-Door,2,4,7,28,36
Subaru,IMPREZA 5-Door SPORT,2,4,7,27,35
Volvo,V60 CC AWD,2,4,8,22,31
Volvo,V60 FWD,2,4,8,23,34
Volkswagen Group of,A6 Allroad,3,6,7,20,26
Volkswagen Group of,RS 6 Avant,4,8,8,15,22
Mercedes-Benz,AMG E 63 S 4MATIC+ (SW),4,8,9,16,23
Mercedes-Benz,AMG GLB 35 4MATIC,2,4,8,21,26
Mercedes-Benz,E 450 4MATIC All-Terrain (wagon),3,6,9,22,28
Nissan,MURANO AWD,3.5,6,7,20,28
Nissan,MURANO FWD,3.5,6,7,20,28
Rolls-Royce,Cullinan,6.7,12,8,12,20
Rolls-Royce,Cullinan Black Badge,6.7,12,8,12,20
Volvo,V90 AWD,2,4,8,21,32
Volvo,V90 CC AWD,2,4,8,20,30
Volvo,V90 FWD,2,4,8,22,33
General Motors,COLORADO 2WD,2.5,4,6,19,25
General Motors,CANYON 2WD,2.5,4,6,19,25
Toyota,TACOMA 2WD,2.7,4,6,20,23
General Motors,COLORADO 4WD,2.5,4,6,19,24
General Motors,COLORADO ZR2 4WD,2.8,4,6,18,22
General Motors,CANYON 4WD,2.5,4,6,19,24
Toyota,TACOMA 4WD,2.7,4,6,19,22
Toyota,TACOMA 4WD D-CAB MT TRD-ORP/PRO,3.5,6,6,17,20
General Motors,SILVERADO 2WD,2.7,4,8,20,23
Ford Motor Company,F150 PICKUP 2WD,2.7,6,10,20,26
Ford Motor Company,F150 PICKUP 2WD FFV,3.3,6,10,20,24
Ford Motor Company,F150 PICKUP 2WD HEV,3.5,6,10,25,26
Ford Motor Company,RANGER 2WD,2.3,4,10,21,26
General Motors,SIERRA 2WD,2.7,4,8,20,23
Nissan,FRONTIER 2WD,3.8,6,9,18,24
Nissan,TITAN 2WD,5.6,8,9,16,21
FCA US LLC,1500 4X2,3,6,8,22,32
FCA US LLC,1500 Classic 4X2,3.6,6,8,17,25
FCA US LLC,1500 HFE 4X2,3,6,8,23,33
Toyota,TUNDRA 2WD,5.7,8,6,13,17
General Motors,SILVERADO 4WD,2.7,4,8,19,22
General Motors,SILVERADO 4WD TRAILBOSS,4.3,6,6,14,18
Ford Motor Company,F150 PICKUP 4WD,2.7,6,10,18,24
Ford Motor Company,F150 PICKUP 4WD FFV,3.3,6,10,19,22
Ford Motor Company,F150 PICKUP 4WD HEV,3.5,6,10,24,24
Ford Motor Company,F150 PICKUP TREMOR 4WD,3.5,6,10,16,20
Ford Motor Company,F150 RAPTOR 37 4WD,3.5,6,10,14,16
Ford Motor Company,F150 RAPTOR 4WD,3.5,6,10,14,18
Ford Motor Company,RANGER 4WD,2.3,4,10,20,24
Ford Motor Company,RANGER TREMOR 4WD,2.3,4,10,19,19
General Motors,SIERRA 4WD,2.7,4,8,18,20
General Motors,SIERRA 4WD AT4,3,6,10,22,26
Honda,RIDGELINE AWD,3.5,6,9,18,24
FCA US LLC,Gladiator 4X4,3.6,6,8,17,22
FCA US LLC,Gladiator EcoDiesel 4x4,3,6,8,22,28
FCA US LLC,Gladiator Rubicon EcoDiesel 4x4,3,6,8,21,27
Nissan,FRONTIER 4WD,3.8,6,9,17,23
Nissan,TITAN 4WD,5.6,8,9,15,21
Nissan,TITAN 4WD PRO-4X,5.6,8,9,15,20
FCA US LLC,1500 4X4,3,6,8,21,29
FCA US LLC,1500 Classic 4X4,3.6,6,8,16,23
FCA US LLC,1500 TRX 4x4,6.2,8,8,10,14
Toyota,TUNDRA 4WD,5.7,8,6,13,17
Ford Motor Company,TRANSIT T150 WAGON 2WD FFV,3.5,6,10,15,19
Ford Motor Company,TRANSIT T150 WAGON 4WD FFV,3.5,6,10,14,18
General Motors,XT5 HEARSE FWD,2,4,9,20,23
General Motors,XT5 LIMO FWD,2,4,9,20,23
Ford Motor Company,RANGER 2WD INCOMPLETE,2.3,4,10,19,18
Ford Motor Company,TRANSIT CONNECT USPS,2.5,4,6,20,27
Ford Motor Company,TRANSIT CONNECT VAN FFV,2,4,8,24,27
Ford Motor Company,Transit Connect Van FWD,2,4,8,24,27
Ford Motor Company,TRANSIT CONNECT WAGON LWB FFV,2,4,8,24,29
Ford Motor Company,Transit Connect Wagon LWB FWD,2,4,8,24,29
Mercedes-Benz,GLA 250,2,4,8,25,34
Mercedes-Benz,GLB 250,2,4,8,23,31
Mercedes-Benz,Metris (Cargo Van),2,4,9,19,23
Mercedes-Benz,"Metris (Cargo Van, LWB)",2,4,9,19,23
Mercedes-Benz,Metris (Passenger Van),2,4,9,18,22
Nissan,NV200 CARGO VAN,2,4,1,24,26
FCA US LLC,Promaster City,2.4,4,9,21,28
General Motors,XT5 HEARSE AWD,2,4,9,20,23
General Motors,XT5 LIMO AWD,2,4,9,20,23
General Motors,SILVERADO 2WD CAB CHASSIS,4.3,6,6,15,19
General Motors,SILVERADO 4WD CAB CHASSIS,4.3,6,6,14,16
General Motors,SIERRA 2WD CAB CHASSIS,4.3,6,6,15,19
General Motors,SIERRA 4WD CAB CHASSIS,4.3,6,6,14,16
FCA US LLC,Pacifica,3.6,6,9,19,28
FCA US LLC,Voyager,3.6,6,9,19,28
Honda,ODYSSEY FWD,3.5,6,10,19,28
Kia,Sedona,3.3,6,8,18,24
Toyota,SIENNA,2.5,4,6,36,36
FCA US LLC,Pacifica AWD,3.6,6,9,17,25
Toyota,SIENNA AWD,2.5,4,6,35,36
Honda,RDX FWD,2,4,10,22,28
Honda,RDX FWD A-SPEC,2,4,10,22,27
FCA US LLC,Stelvio,2,4,8,22,29
BMW,X3 sDrive30i,2,4,8,25,29
General Motors,ENCORE FWD,1.4,4,6,24,32
General Motors,ENCORE GX FWD,1.2,3,1,28,31
General Motors,ENVISION FWD,2,4,9,24,31
General Motors,XT4 FWD,2,4,9,24,30
General Motors,XT5 FWD,2,4,9,22,29
General Motors,XT6 FWD,2,4,9,21,27
General Motors,BLAZER FWD,2,4,9,22,29
General Motors,EQUINOX FWD,1.5,4,6,26,31
General Motors,TRAILBLAZER FWD,1.2,3,1,28,31
General Motors,TRAX FWD,1.4,4,6,24,32
Ford Motor Company,ECOSPORT FWD,1,3,6,27,29
Ford Motor Company,EDGE FWD,2,4,8,21,29
Ford Motor Company,ESCAPE FWD,1.5,3,8,28,34
Ford Motor Company,ESCAPE FWD HEV,2.5,4,1,44,37
Hyundai,GV80 RWD,2.5,4,8,21,25
General Motors,TERRAIN FWD,1.5,4,9,25,30
Honda,CR-V FWD,1.5,4,1,28,34
Honda,PASSPORT FWD,3.5,6,9,20,25
Honda,PILOT FWD,3.5,6,9,20,27
Hyundai,Kona FWD,1.6,4,7,28,32
Hyundai,Santa Fe FWD,2.5,4,8,22,28
Hyundai,Tucson FWD,2,4,6,23,28
Nissan,QX50,2,4,8,23,29
FCA US LLC,Cherokee FWD,2,4,9,23,31
FCA US LLC,Compass 4X2,2.4,4,6,22,31
FCA US LLC,Renegade 4x2,1.3,4,9,24,32
Kia,Seltos FWD,2,4,8,29,34
Kia,Sorento FWD,2.5,4,8,22,29
Kia,Sorento Hybrid,1.6,4,6,39,35
Kia,Sportage FWD,2,4,6,20,28
Kia,Telluride FWD,3.8,6,8,20,26
Toyota,NX 300,2,4,6,22,28
Toyota,RX 350,3.5,6,8,20,27
Toyota,RX 350 L,3.5,6,8,19,26
Ford Motor Company,CORSAIR FWD,2,4,8,22,29
Ford Motor Company,"NAUTILUS FWD",2,4,8,21,26
MAZDA,CX-30 2WD,2.5,4,6,25,33
MAZDA,CX-5 2WD,2.5,4,6,25,31
MAZDA,CX-9 2WD,2.5,4,6,22,28
Mercedes-Benz,GLC 300,2,4,9,22,29
Mitsubishi Motors Co,Outlander Sport 2WD,2,4,6,24,30
Nissan,ROGUE FWD,1.5,3,8,30,37
Nissan,ROGUE FWD SL/PLATINUM,1.5,3,8,30,36
Nissan,ROGUE FWD SV/SL/PLATINUM,2.5,4,8,26,34
Toyota,HIGHLANDER,3.5,6,8,21,29
Toyota,HIGHLANDER HYBRID,2.5,4,6,36,35
Toyota,RAV4,2.5,4,8,28,35
Volkswagen Group of,Atlas,2,4,8,21,24
Volkswagen Group of,Atlas Cross Sport,2,4,8,21,24
Volkswagen Group of,Tiguan,2,4,8,23,29
Volvo,XC40 FWD,2,4,8,23,32
Volvo,XC60 FWD,2,4,8,22,29
Honda,RDX AWD,2,4,10,21,27
Honda,RDX AWD A-SPEC,2,4,10,21,26
FCA US LLC,Stelvio AWD,2,4,8,22,28
Volkswagen Group of,Q3 quattro,2,4,8,22,30
Volkswagen Group of,Q3 S-line quattro,2,4,8,20,28
Volkswagen Group of,Q5,2,4,7,23,28
Volkswagen Group of,Q5 Sportback,2,4,7,23,28
Volkswagen Group of,SQ5,3,6,8,18,24
Volkswagen Group of,SQ5 Sportback,3,6,8,18,24
BMW,X3 M,3,6,8,14,19
BMW,X3 M Competition,3,6,8,14,19
BMW,X3 M40i,3,6,8,21,27
BMW,X3 xDrive30i,2,4,8,23,29
BMW,X4 M,3,6,8,14,19
BMW,X4 M Competition,3,6,8,14,19
BMW,X4 M40i,3,6,8,21,27
BMW,X4 xDrive30i,2,4,8,23,29
General Motors,ENCORE AWD,1.4,4,6,23,30
General Motors,ENCORE GX AWD,1.3,3,9,26,29
General Motors,ENVISION AWD,2,4,9,22,29
General Motors,XT4 AWD,2,4,9,22,29
General Motors,XT5 AWD,2,4,9,21,27
General Motors,XT6 AWD,2,4,9,21,26
General Motors,BLAZER AWD,2,4,9,22,27
General Motors,EQUINOX AWD,1.5,4,6,25,30
General Motors,TRAILBLAZER AWD,1.3,3,9,26,30
General Motors,TRAX AWD,1.4,4,6,23,30
FCA US LLC,500X AWD,1.3,4,9,24,30
Ford Motor Company,BRONCO 4WD,2.3,4,10,20,22
Ford Motor Company,BRONCO BADLANDS 4WD,2.3,4,10,18,17
Ford Motor Company,BRONCO BLACK DIAMOND 4WD,2.3,4,10,18,18
Ford Motor Company,BRONCO SASQUATCH 4WD,2.3,4,10,18,18
Ford Motor Company,BRONCO SPORT 4WD,1.5,3,8,25,28
Ford Motor Company,ECOSPORT AWD,2,4,6,23,29
Ford Motor Company,EDGE AWD,2,4,8,21,28
Ford Motor Company,ESCAPE AWD,1.5,3,8,26,31
Ford Motor Company,ESCAPE AWD HEV,2.5,4,1,43,37
General Motors,TERRAIN AWD,1.5,4,9,25,28
Honda,CR-V AWD,1.5,4,1,27,32
Honda,PASSPORT AWD,3.5,6,9,19,24
Honda,PILOT AWD,3.5,6,9,19,26
Hyundai,Kona AWD,1.6,4,7,26,29
Hyundai,Santa Fe AWD,2.5,4,8,21,28
Hyundai,Santa Fe Hybrid,1.6,4,6,33,30
Hyundai,Santa Fe Hybrid Blue,1.6,4,6,36,31
Hyundai,Tucson AWD,2,4,6,22,25
Nissan,QX50 AWD,2,4,8,22,28
Jaguar Land Rover L,E-PACE,2,4,9,20,26
Jaguar Land Rover L,E-PACE MHEV,2,4,9,21,26
Jaguar Land Rover L,F-PACE,2,4,8,22,27
Jaguar Land Rover L,F-PACE P340 MHEV,3,6,8,20,27
Jaguar Land Rover L,F-PACE P400 MHEV,3,6,8,20,26
Jaguar Land Rover L,F-PACE SVR,5,8,8,15,22
FCA US LLC,Cherokee 4X4,2,4,9,21,29
FCA US LLC,Cherokee 4x4 Active Drive II,2,4,9,20,27
FCA US LLC,Cherokee Trailhawk 4X4,3.2,6,9,18,24
FCA US LLC,Compass 4X4,2.4,4,9,22,30
FCA US LLC,Renegade 4x4,1.3,4,9,23,29
FCA US LLC,Renegade Trailhawk 4x4,1.3,4,9,22,27
FCA US LLC,Wrangler 2dr 4X4,2,4,8,22,24
FCA US LLC,Wrangler 4dr 4X4,2,4,8,21,24
FCA US LLC,Wrangler 4dr EcoDiesel 4x4,3,6,8,22,29
FCA US LLC,Wrangler Rubic 4dr EcoDiesel 4x4,3,6,8,21,26
Kia,Seltos AWD,1.6,4,7,25,30
Kia,Sorento AWD,2.5,4,8,21,28
Kia,Sportage AWD,2,4,6,19,24
Kia,Telluride AWD,3.8,6,8,19,24
Jaguar Land Rover L,Discovery Sport,2,4,9,19,23
Jaguar Land Rover L,Evoque,2,4,9,20,27
Jaguar Land Rover L,Range Rover Velar,2,4,8,20,26
Jaguar Land Rover L,Range Rover Velar P340 MHEV,3,6,8,20,26
Jaguar Land Rover L,Range Rover Velar P400 MHEV,3,6,8,19,25
Toyota,NX 300 AWD,2,4,6,22,28
Toyota,NX 300 AWD F SPORT,2,4,6,22,27
Toyota,NX 300h AWD,2.5,4,6,33,30
Toyota,RX 350 AWD,3.5,6,8,19,26
Toyota,RX 350 L AWD,3.5,6,8,18,25
Ford Motor Company,CORSAIR AWD,2,4,8,21,29
Ford Motor Company,"NAUTILUS AWD",2,4,8,20,25
MAZDA,CX-30 4WD,2.5,4,6,22,30
MAZDA,CX-5 4WD,2.5,4,6,24,30
MAZDA,CX-9 4WD,2.5,4,6,20,26
Mercedes-Benz,AMG GLC 43 4MATIC,3,6,9,18,24
Mercedes-Benz,AMG GLC 43 4MATIC (coupe),3,6,9,17,24
Mercedes-Benz,AMG GLC 63 4MATIC+,4,8,9,15,22
Mercedes-Benz,AMG GLC 63 4MATIC+ (coupe),4,8,9,15,22
Mercedes-Benz,AMG GLC 63 S 4MATIC+ (coupe),4,8,9,15,22
Mercedes-Benz,GLA 250 4MATIC,2,4,8,24,33
Mercedes-Benz,GLB 250 4MATIC,2,4,8,23,30
Mercedes-Benz,GLC 300 4MATIC,2,4,9,21,28
Mercedes-Benz,GLC 300 4MATIC (Coupe),2,4,9,22,28
Mercedes-Benz,GLE 350,2,4,9,19,26
Mercedes-Benz,GLE 350 4MATIC,2,4,9,19,26
Mitsubishi Motors Co,Outlander Sport 4WD,2,4,6,23,29
Nissan,ROGUE AWD,1.5,3,8,30,36
Nissan,ROGUE AWD SL/PLATINUM,1.5,3,8,29,35
Nissan,ROGUE AWD SV/SL/PLATINUM,2.5,4,8,25,32
Porsche,Macan,2,4,7,19,23
Porsche,Macan GTS,2.9,6,7,17,22
Porsche,Macan S,3,6,7,18,24
Porsche,Macan Turbo,2.9,6,7,17,21
Subaru,CROSSTREK AWD,2,4,8,28,33
Subaru,FORESTER AWD,2.5,4,7,26,33
Subaru,OUTBACK AWD,2.4,4,8,23,30
Toyota,HIGHLANDER AWD,3.5,6,8,20,27
Toyota,RAV4 AWD,2.5,4,8,25,33
Toyota,RAV4 AWD LE,2.5,4,8,27,34
Toyota,RAV4 AWD TRD OFFROAD,2.5,4,8,25,32
Toyota,RAV4 HYBRID AWD,2.5,4,6,41,38
Toyota,VENZA AWD,2.5,4,6,40,37
Volkswagen Group of,Atlas 4Motion 2.0L,2,4,8,20,24
Volkswagen Group of,Atlas Cross Sport 4Motion,2,4,8,20,24
Volkswagen Group of,Tiguan 4Motion,2,4,8,21,27
Volvo,XC40 AWD,2,4,8,22,30
Volvo,XC60 AWD,2,4,8,20,27
BMW,X5 sDrive40i,3,6,8,21,26
BMW,X6 sDrive40i,3,6,8,21,26
General Motors,ENCLAVE FWD,3.6,6,9,18,26
General Motors,ESCALADE 2WD,3,6,10,21,27
General Motors,SUBURBAN 2WD,3,6,10,21,27
General Motors,TAHOE 2WD,3,6,10,21,28
General Motors,TRAVERSE FWD,3.6,6,9,18,27
FCA US LLC,Durango RWD,3.6,6,8,19,26
Ford Motor Company,EXPEDITION 2WD,3.5,6,10,17,23
Ford Motor Company,EXPEDITION MAX 2WD,3.5,6,10,17,23
Ford Motor Company,EXPLORER HEV RWD,3.3,6,10,27,28
Ford Motor Company,EXPLORER RWD,2.3,4,10,21,28
General Motors,ACADIA FWD,2,4,9,22,29
General Motors,YUKON 2WD,3,6,10,21,27
General Motors,YUKON XL 2WD,3,6,10,21,27
Hyundai,Palisade FWD,3.8,6,8,19,26
Nissan,QX80 2WD,5.6,8,7,14,20
FCA US LLC,Grand Cherokee 4X2,3.6,6,8,19,26
FCA US LLC,Grand Cherokee L 4X2,3.6,6,8,19,26
Ford Motor Company,AVIATOR RWD,3,6,10,18,26
Ford Motor Company,"NAVIGATOR 2WD",3.5,6,10,16,22
Ford Motor Company,"NAVIGATOR L 2WD",3.5,6,10,16,21
Nissan,ARMADA 2WD,5.6,8,7,14,19
Toyota,4RUNNER 2WD,4,6,5,16,19
Toyota,SEQUOIA 2WD,5.7,8,6,13,17
Volvo,XC90 FWD,2,4,8,21,30
aston martin,DBX V8,4,8,9,14,18
Volkswagen Group of,Q7,2,4,8,19,23
Volkswagen Group of,Q8,3,6,8,18,23
Volkswagen Group of,RS Q8,4,8,8,13,19
Volkswagen Group of,SQ7,4,8,8,15,21
Volkswagen Group of,SQ8,4,8,8,15,21
Volkswagen Group of,Bentayga,4,8,8,15,24
BMW,ALPINA XB7,4.4,8,8,15,21
BMW,X5 M,4.4,8,8,13,18
BMW,X5 M Competition,4.4,8,8,13,18
BMW,X5 M50i,4.4,8,8,16,22
BMW,X5 xDrive40i,3,6,8,21,25
BMW,X6 M,4.4,8,8,13,18
BMW,X6 M Competition,4.4,8,8,13,18
BMW,X6 M50i,4.4,8,8,16,22
BMW,X6 xDrive40i,3,6,8,21,25
BMW,X7 M50i,4.4,8,8,15,21
BMW,X7 xDrive40i,3,6,8,19,24
General Motors,ENCLAVE AWD,3.6,6,9,17,25
General Motors,ESCALADE 4WD,3,6,10,20,26
General Motors,SUBURBAN 4WD,3,6,10,20,26
General Motors,TAHOE 4WD,3,6,10,20,26
General Motors,TRAVERSE AWD,3.6,6,9,17,25
FCA US LLC,Durango AWD,3.6,6,8,18,25
FCA US LLC,Durango SRT AWD,6.2,8,8,12,17
Ford Motor Company,EXPEDITION 4WD,3.5,6,10,17,22
Ford Motor Company,EXPEDITION MAX 4WD,3.5,6,10,16,21
Ford Motor Company,EXPLORER AWD,2.3,4,10,20,27
Ford Motor Company,EXPLORER FFV AWD,3.3,6,10,16,23
Ford Motor Company,EXPLORER HEV AWD,3.3,6,10,23,26
Ford Motor Company,EXPLORER TIMBERLINE AWD,2.3,4,10,19,23
Hyundai,GV80 AWD,2.5,4,8,21,25
General Motors,ACADIA AWD,2,4,9,22,27
General Motors,YUKON 4WD,3,6,10,20,26
General Motors,YUKON XL 4WD,3,6,10,20,26
Hyundai,Palisade AWD,3.8,6,8,19,24
Nissan,QX80 4WD,5.6,8,7,13,19
FCA US LLC,Grand Cherokee 4X4,3.6,6,8,18,25
FCA US LLC,Grand Cherokee L 4X4,3.6,6,8,18,25
FCA US LLC,Grand Cherokee SRT 4x4,6.4,8,8,13,19
FCA US LLC,Grand Cherokee Trackhawk 4x4,6.2,8,8,11,17
Volkswagen Group of,Urus,4,8,8,12,17
Jaguar Land Rover L,Defender 110,2,4,8,17,20
Jaguar Land Rover L,Defender 110 MHEV,3,6,8,17,22
Jaguar Land Rover L,Defender 90,2,4,8,18,21
Jaguar Land Rover L,Defender 90 MHEV,3,6,8,17,22
Jaguar Land Rover L,Discovery,2,4,8,19,22
Jaguar Land Rover L,Discovery MHEV,3,6,8,18,24
Jaguar Land Rover L,Range Rover,3,6,8,22,28
Jaguar Land Rover L,Range Rover LWB,5,8,8,16,21
Jaguar Land Rover L,Range Rover LWB SVA,5,8,8,13,19
Jaguar Land Rover L,Range Rover MHEV,3,6,8,18,23
Jaguar Land Rover L,Range Rover Sport,3,6,8,22,28
Jaguar Land Rover L,Range Rover Sport MHEV,3,6,8,19,24
Jaguar Land Rover L,Range Rover Sport SVR,5,8,8,15,20
Jaguar Land Rover L,Range Rover SVA,5,8,8,14,19
Toyota,GX 460,4.6,8,6,15,19
Toyota,LX 570,5.7,8,8,12,16
Toyota,RX 450h AWD,3.5,6,6,31,28
Toyota,RX 450h L AWD,3.5,6,6,29,28
Ford Motor Company,AVIATOR AWD,3,6,10,17,24
Ford Motor Company,"NAVIGATOR 4WD",3.5,6,10,16,20
Maserati,LEVANTE,3,6,8,16,22
Maserati,LEVANTE GTS,3.8,8,8,13,20
Maserati,LEVANTE S,3,6,8,16,22
Maserati,LEVANTE TROFEO,3.8,8,8,13,20
Mercedes-Benz,AMG G 63,4,8,9,13,16
Mercedes-Benz,AMG GLE 53 4MATIC+,3,6,9,18,22
Mercedes-Benz,AMG GLE 53 4MATIC+ (coupe),3,6,9,18,23
Mercedes-Benz,AMG GLE 63 S 4MATIC+,4,8,9,15,19
Mercedes-Benz,AMG GLE 63 S 4MATIC+ (coupe),4,8,9,15,19
Mercedes-Benz,AMG GLS 63 4MATIC+,4,8,9,14,18
Mercedes-Benz,G 550,4,8,9,17,19
Mercedes-Benz,GLE 450 4MATIC,3,6,9,21,26
Mercedes-Benz,GLE 580 4MATIC,4,8,9,17,22
Mercedes-Benz,GLS 450 4MATIC,3,6,9,20,24
Mercedes-Benz,GLS 580 4MATIC,4,8,9,16,21
Mercedes-Benz,GLS 600 4MATIC Maybach,4,8,9,15,19
Nissan,ARMADA 4WD,5.6,8,7,13,18
Porsche,Cayenne,3,6,8,19,23
Porsche,Cayenne Coupé,3,6,8,19,23
Porsche,Cayenne GTS,4,8,8,15,19
Porsche,Cayenne GTS Coupe,4,8,8,15,19
Porsche,Cayenne S,2.9,6,8,18,22
Porsche,Cayenne S Coupé,2.9,6,8,18,22
Porsche,Cayenne Turbo,4,8,8,15,19
Porsche,Cayenne Turbo Coupé,4,8,8,15,19
Subaru,ASCENT AWD,2.4,4,8,21,27
Subaru,ASCENT LIMITED/TOURING AWD,2.4,4,8,20,26
Toyota,4RUNNER 4WD,4,6,5,16,19
Toyota,HIGHLANDER HYBRID AWD,2.5,4,6,35,35
Toyota,HIGHLANDER HYBRID AWD LTD/PLAT,2.5,4,6,35,34
Toyota,LAND CRUISER WAGON 4WD,5.7,8,8,13,17
Toyota,SEQUOIA 4WD,5.7,8,6,13,17
Volkswagen Group of,Atlas 4Motion,3.6,6,8,16,22
Volvo,XC90 AWD,2,4,8,19,28
